date,article_count,cases_count,death_count,injections_count,vaccine_dict_hits,virus_dict_hits,death_dict_hits,total_words,feel_positive,feel_negative,feel_joy,feel_fear,feel_sadness,feel_anger,feel_surprise,feel_disgust
02/01/2020,1,0,0,0,0,0,0,421,0.185273159,0.040380048,0.011876485,0.035629454,0.045130641,0.019002375,0.011876485,0.004750594
10/01/2020,1,0,0,0,0,0,0.0028,723,0.138312586,0.027662517,0.009681881,0.041493776,0.033195021,0.009681881,0.012448133,0.004149378
26/01/2020,1,0,0,0,0,0.0234,0.0063,1110,0.09009009,0.037837838,0.002702703,0.035135135,0.024324324,0.011711712,0.011711712,0.016216216
28/01/2020,1,0,0,0,0,0,0,693,0.144300144,0.037518038,0.008658009,0.037518038,0.03030303,0.014430014,0.011544012,0.007215007
29/01/2020,10,0,0,0,0.0001,0.0191,0.002,7158,0.139564124,0.039256776,0.007683711,0.029756915,0.026823135,0.015926236,0.023889355,0.012573345
31/01/2020,1,0,0,0,0.0015,0.0213,0.0015,656,0.140243902,0.06402439,0.009146341,0.047256098,0.036585366,0.028963415,0.022865854,0.016768293
01/02/2020,2,0,0,0,0.0127,0.0675,0,474,0.130801688,0.042194093,0.012658228,0.012658228,0.012658228,0.008438819,0.004219409,0.016877637
02/02/2020,3,0,0,0,0,0.0128,0.0036,1645,0.160486322,0.08449848,0.007294833,0.056534954,0.022492401,0.017021277,0.010942249,0.041337386
03/02/2020,2,0,0,0,0.002,0.0301,0.004,498,0.144578313,0.050200803,0.006024096,0.03815261,0.02811245,0.022088353,0.020080321,0.012048193
04/02/2020,1,0,0,0,0,0.05,0.01,200,0.205,0.015,0.03,0.02,0.02,0.005,0.02,0.005
05/02/2020,5,0,0,0,0.0014,0.0224,0.0064,2191,0.145595618,0.050661798,0.007759014,0.036513008,0.027841168,0.017343679,0.015518028,0.012779553
06/02/2020,3,0,0,0,0,0.0328,0.0034,883,0.178935447,0.055492639,0.00E+00,0.045300113,0.023782559,0.023782559,0.019252548,0.009060023
07/02/2020,2,0,0,0,0,0.0221,0.0023,1312,0.152439024,0.039634146,0.006859756,0.019054878,0.033536585,0.012195122,0.022103659,0.009146341
08/02/2020,1,0,0,0,0,0.0224,0.005,402,0.18159204,0.052238806,0.004975124,0.029850746,0.042288557,0.017412935,0.034825871,0.012437811
09/02/2020,3,0,0,0,0.0003,0.0065,0.0014,3513,0.06233988,0.039851978,0.00569314,0.030742955,0.031312269,0.01224025,0.015371477,0.009962995
10/02/2020,3,0,0,0,0,0.0053,0.0028,10093,0.017437828,0.013078371,0.008025364,0.011493114,0.010502328,0.0110968,0.0110968,0.010502328
11/02/2020,26,0,0,0,0.0005,0.0323,0.0063,17054,0.113756303,0.040752903,0.005453266,0.030667292,0.023044447,0.014952504,0.015011141,0.008678316
12/02/2020,107,0,0,0,0.0007,0.022,0.0051,69590,0.115878718,0.03849691,0.006394597,0.029257077,0.023164248,0.016295445,0.014283661,0.009843368
13/02/2020,145,0,0,0,0.0006,0.0235,0.0051,80847,0.134352542,0.041003377,0.005108415,0.0308855,0.027595334,0.015733422,0.014533625,0.008843866
14/02/2020,134,0,0,0,0.0005,0.0192,0.0061,92373,0.11191582,0.039459582,0.006268065,0.030376842,0.02650125,0.020092451,0.016238511,0.009808061
15/02/2020,65,0,0,0,0.0013,0.0279,0.0078,47568,0.105112681,0.03332072,0.005465859,0.028044063,0.022115708,0.016754961,0.013958964,0.01019593
16/02/2020,62,0,0,0,0.0005,0.0262,0.0086,45092,0.106249446,0.033753216,0.004812384,0.028186818,0.022886543,0.015945179,0.013106538,0.01159851
17/02/2020,87,0,0,0,0.0008,0.0247,0.0061,57097,0.112615374,0.039161427,0.004431056,0.02993152,0.026025886,0.015482425,0.016918577,0.008634429
18/02/2020,115,0,0,0,0.0034,0.0226,0.0053,68791,0.134639706,0.048451106,0.005233243,0.033158407,0.030527249,0.017560437,0.016106758,0.009739646
19/02/2020,88,0,0,0,0.0033,0.0269,0.0068,46739,0.142129699,0.045272684,0.005455829,0.034382422,0.029568455,0.017137722,0.014741436,0.00862235
20/02/2020,93,0,0,0,0.001,0.0271,0.0055,53481,0.13242086,0.04287504,0.006675268,0.029917167,0.027168527,0.015594323,0.018118584,0.009405209
21/02/2020,107,0,0,0,0.0008,0.0215,0.0057,68384,0.117995438,0.03611956,0.00500117,0.02797438,0.02319256,0.015632312,0.015252106,0.008700866
22/02/2020,57,0,0,0,0.0004,0.0271,0.0097,48002,0.093912754,0.032436148,0.004353985,0.025248948,0.020936628,0.014311904,0.013645265,0.009020457
23/02/2020,98,0,0,0,0.0002,0.0216,0.0078,78964,0.092105263,0.028012765,0.005559495,0.024327542,0.01966719,0.012879287,0.014436959,0.008016311
24/02/2020,152,0,0,0,0.0004,0.0261,0.0064,95526,0.129011997,0.044218328,0.004888721,0.034231518,0.02766786,0.016759835,0.018539455,0.009316835
25/02/2020,198,0,0,0,0.0012,0.0256,0.0056,133816,0.111825193,0.038410952,0.005141388,0.030639087,0.025124051,0.014706762,0.016291026,0.009386023
26/02/2020,253,0,0,0,0.0004,0.0236,0.0061,166772,0.1142398,0.039311155,0.006182093,0.031893843,0.025447917,0.015692083,0.016063848,0.009024297
27/02/2020,302,0,0,0,0.0004,0.0208,0.0062,214148,0.113655042,0.043171078,0.006262024,0.034065226,0.027205484,0.01713768,0.017371164,0.010086482
28/02/2020,281,0,0,0,0.0005,0.0239,0.0051,163755,0.123733626,0.045274953,0.005673109,0.034972978,0.029232695,0.017617783,0.018057464,0.010759977
29/02/2020,207,0,0,0,0.0003,0.0215,0.0061,133006,0.103732162,0.038035878,0.006360615,0.031547449,0.02398388,0.015578245,0.016886456,0.009864217
01/03/2020,118,0,0,0,0.0004,0.0235,0.0065,66371,0.129921201,0.046857814,0.00678007,0.038586129,0.030224044,0.018893794,0.018065119,0.009175694
02/03/2020,285,191,3,0,0.0005,0.0197,0.0053,200615,0.114014406,0.043067567,0.00623084,0.033950602,0.02827306,0.01793485,0.017506169,0.009789896
03/03/2020,329,21,1,0,0.0004,0.0206,0.0043,208634,0.121394404,0.042461919,0.006926004,0.033278373,0.027080917,0.016962719,0.017303028,0.010520816
04/03/2020,330,73,0,0,0.0008,0.0224,0.0042,203248,0.117521452,0.043434622,0.006155042,0.03174447,0.025830512,0.017249862,0.017358104,0.01108498
05/03/2020,389,138,3,0,0.0007,0.0206,0.0049,246144,0.119584471,0.045826833,0.006581513,0.03476014,0.029108977,0.018387611,0.01867606,0.009912897
06/03/2020,354,190,2,0,0.0007,0.0214,0.0046,235822,0.114073326,0.042727142,0.00523276,0.032893454,0.026511521,0.017623462,0.017508969,0.010100839
07/03/2020,262,336,7,0,0.0006,0.0232,0.0049,134576,0.131234395,0.044792534,0.006487041,0.035452087,0.027790988,0.017365652,0.018547141,0.0096674
08/03/2020,162,177,3,0,0.0004,0.0211,0.0053,117437,0.102821087,0.035389187,0.005807369,0.02776808,0.023825541,0.015412519,0.016340676,0.009792484
09/03/2020,354,286,6,0,0.0004,0.0202,0.0044,222132,0.12051843,0.043649722,0.005586768,0.034659572,0.028757676,0.018889669,0.019123764,0.009701439
10/03/2020,418,372,8,0,0.0003,0.0185,0.0038,277170,0.114622795,0.042515424,0.005971065,0.033189018,0.028033337,0.018887325,0.018595086,0.010087672
11/03/2020,484,497,15,0,0.0005,0.0192,0.004,290631,0.123224983,0.045704003,0.005921598,0.034163596,0.029260471,0.019526479,0.0189209,0.010401506
12/03/2020,652,595,13,0,0.0005,0.0185,0.0036,388979,0.123680199,0.045174675,0.005810082,0.034690819,0.028615941,0.019330092,0.019597459,0.009237003
13/03/2020,761,785,18,0,0.0002,0.0178,0.0033,431152,0.12628261,0.044007682,0.006663543,0.033577485,0.028344992,0.018656993,0.020071808,0.009258916
14/03/2020,752,839,12,0,0.0003,0.0149,0.003,397295,0.126316717,0.040252206,0.008175285,0.030516367,0.026791175,0.017722347,0.020445764,0.009504273
15/03/2020,567,923,36,0,0.0006,0.0155,0.0033,320532,0.120246964,0.039999126,0.006560967,0.030050042,0.026303146,0.019632985,0.02022263,0.011125254
16/03/2020,885,1210,21,0,0.0006,0.0157,0.0029,491767,0.127546175,0.044031015,0.006515281,0.033221017,0.02874532,0.021105524,0.021611861,0.010862868
17/03/2020,1123,1097,27,0,0.0008,0.0166,0.0031,621709,0.129427111,0.044133188,0.006509476,0.033684569,0.027953592,0.020717088,0.019890335,0.010133358
18/03/2020,1298,1404,89,0,0.0008,0.0178,0.0035,685610,0.133212759,0.045422325,0.006445355,0.034179782,0.028112192,0.019435247,0.018825571,0.01012529
19/03/2020,1290,1861,108,0,0.0006,0.0169,0.0036,735075,0.126377581,0.045015815,0.006452403,0.03483182,0.028544026,0.01962929,0.019961228,0.010390776
20/03/2020,1219,1617,78,0,0.0005,0.0182,0.0041,669367,0.131428648,0.04483639,0.006516604,0.034166608,0.027676895,0.019727593,0.018744575,0.010109551
21/03/2020,865,1847,112,0,0.0005,0.0199,0.0047,457612,0.129666617,0.044024195,0.006343802,0.03442436,0.027442462,0.019575536,0.018528797,0.010500162
22/03/2020,646,2230,112,0,0.0004,0.02,0.0053,367267,0.119550627,0.041710799,0.006319653,0.03291883,0.026928638,0.019860211,0.01804137,0.010918487
23/03/2020,1250,3167,186,0,0.0005,0.0179,0.0046,715682,0.125041569,0.043276204,0.006254174,0.033384939,0.027037148,0.019286499,0.018713619,0.010188883
24/03/2020,1329,2446,240,0,0.0007,0.0178,0.0048,768371,0.125751753,0.041931567,0.006051764,0.031571988,0.026342743,0.017904111,0.018439009,0.009395201
25/03/2020,1455,2931,231,0,0.0005,0.018,0.0048,812706,0.127102544,0.043921172,0.00610922,0.033757595,0.028043351,0.019801749,0.018811231,0.010164807
26/03/2020,1509,3922,365,0,0.0007,0.0167,0.0046,922572,0.122280971,0.043196629,0.005917153,0.033342655,0.027166443,0.019582211,0.018947031,0.009654531
27/03/2020,1457,3809,299,0,0.0006,0.0168,0.0048,837678,0.129944919,0.044592314,0.006195698,0.034484611,0.027840053,0.019709244,0.018813912,0.009921473
28/03/2020,910,4611,319,0,0.0003,0.0187,0.0062,502711,0.127389295,0.043269393,0.006126781,0.033530199,0.026303383,0.018392277,0.018314698,0.00964769
29/03/2020,770,2599,292,0,0.0005,0.0192,0.0064,447710,0.123950772,0.044305466,0.006464006,0.034464274,0.027973465,0.020267584,0.018016127,0.010564875
30/03/2020,1301,4376,418,0,0.0006,0.0179,0.0046,787497,0.122423324,0.043101117,0.006096531,0.03317346,0.026944865,0.019366423,0.01823372,0.009866704
31/03/2020,1332,7578,499,0,0.0005,0.0169,0.0043,795950,0.125193794,0.044054275,0.006524279,0.033830014,0.028020604,0.019537659,0.018824047,0.010187826
01/04/2020,1502,4861,509,0,0.0007,0.0172,0.0048,842342,0.128077432,0.044384585,0.006197008,0.033301201,0.02777969,0.019094382,0.01870974,0.009721704
02/04/2020,1506,2116,471,0,0.0005,0.0172,0.005,917712,0.122887137,0.043172586,0.006067263,0.033175985,0.027826813,0.019582396,0.018495999,0.010173126
03/04/2020,1371,5233,588,0,0.0005,0.0176,0.0048,815680,0.12703879,0.043957189,0.006528295,0.03368723,0.027350186,0.0196658,0.018526873,0.010203756
04/04/2020,1752,4267,441,0,0.0006,0.0184,0.0066,915334,0.132062176,0.043752335,0.006723229,0.033292765,0.0270699,0.01867952,0.018133272,0.009911136
05/04/2020,687,1873,357,0,0.0007,0.0182,0.0066,385523,0.1235698,0.042811972,0.007039788,0.032369016,0.027007468,0.019319211,0.017928891,0.010531149
06/04/2020,1169,3912,605,0,0.0006,0.0175,0.0051,711224,0.120153426,0.042993487,0.006224481,0.033007885,0.027254423,0.019272409,0.018572208,0.010003881
07/04/2020,1307,3777,597,0,0.0007,0.019,0.0055,772715,0.125061633,0.044070582,0.006154921,0.033911597,0.027685499,0.019087244,0.018315938,0.01009169
08/04/2020,1336,3881,541,0,0.0005,0.018,0.0047,787189,0.125560698,0.042210956,0.006361878,0.032175246,0.026824562,0.01896495,0.018169715,0.00940943
09/04/2020,1434,4286,412,0,0.0007,0.0161,0.0042,936554,0.112731353,0.04186411,0.006028483,0.031808096,0.026571879,0.019412655,0.01818475,0.01021404
10/04/2020,1225,4342,554,0,0.0007,0.0172,0.0055,725938,0.125463883,0.043100099,0.006178214,0.033544187,0.02746791,0.01961049,0.018573211,0.009779072
11/04/2020,771,3114,345,0,0.0007,0.0177,0.006,470139,0.118771257,0.041285662,0.006400235,0.031733168,0.026566611,0.018656185,0.017881946,0.01009276
12/04/2020,592,1613,310,0,0.0004,0.0186,0.0069,318750,0.126892549,0.041665882,0.006886275,0.032263529,0.026974118,0.018221176,0.017047843,0.010462745
13/04/2020,670,2673,335,0,0.0005,0.0183,0.0061,423759,0.11707362,0.041058715,0.006671245,0.031562751,0.026038385,0.018548279,0.017479275,0.010515411
14/04/2020,1019,5497,541,0,0.0014,0.017,0.0045,627544,0.123173833,0.042057609,0.006697538,0.031331668,0.026885764,0.018282383,0.017968461,0.009361893
15/04/2020,1284,2633,514,0,0.001,0.0187,0.0039,726239,0.129355488,0.043610988,0.006614902,0.032832167,0.028308863,0.019059841,0.018495289,0.009609784
16/04/2020,1641,2641,417,0,0.001,0.0164,0.0042,996687,0.119096567,0.042072386,0.006403214,0.031670926,0.027203124,0.019367163,0.018622697,0.010058323
17/04/2020,1599,405,418,0,0.0007,0.0161,0.004,930510,0.125133529,0.042636834,0.006443778,0.031812662,0.027190465,0.019361425,0.01840711,0.009764538
18/04/2020,1036,2569,364,0,0.0008,0.0169,0.0048,574127,0.125083823,0.041607519,0.006857368,0.031250925,0.026433176,0.018539452,0.018279928,0.009834061
19/04/2020,759,785,227,0,0.0007,0.0176,0.0049,422802,0.121137081,0.042665361,0.007190127,0.032592088,0.027246796,0.019429899,0.018784206,0.01077573
20/04/2020,1389,2051,444,0,0.0009,0.0156,0.0036,841681,0.121396348,0.041377909,0.007071563,0.030964225,0.026957957,0.018831362,0.018369192,0.010142798
21/04/2020,1493,2667,387,0,0.0006,0.0143,0.0034,868353,0.125550323,0.042898453,0.006870478,0.031307544,0.027476153,0.018927786,0.018635279,0.009695366
22/04/2020,1591,1827,336,0,0.001,0.0157,0.0035,876258,0.126570028,0.042210171,0.006903218,0.03066905,0.026884776,0.018796975,0.018556179,0.009759683
23/04/2020,1662,1653,311,0,0.001,0.015,0.0036,995814,0.120739415,0.042759993,0.006876786,0.03146672,0.027629658,0.01938615,0.01883183,0.009940611
24/04/2020,1460,1773,305,0,0.0011,0.015,0.0034,845155,0.124717951,0.04156279,0.006962037,0.030925688,0.025923056,0.018673498,0.01875159,0.009670415
25/04/2020,967,1537,198,0,0.0013,0.0175,0.0047,526301,0.125950739,0.040873949,0.007569813,0.029944841,0.025230809,0.018219612,0.017486191,0.010503495
26/04/2020,723,461,152,0,0.0011,0.0172,0.0049,396802,0.123724175,0.041869749,0.007610849,0.030468596,0.025456021,0.018308879,0.017683883,0.010594705
27/04/2020,1336,3764,295,0,0.0008,0.0152,0.0036,791568,0.123375376,0.040931417,0.007083409,0.030722566,0.025975027,0.01871349,0.018367342,0.009803327
28/04/2020,1348,1520,313,0,0.0011,0.0153,0.0033,826663,0.118083185,0.039555417,0.00709479,0.029469082,0.025798905,0.018400485,0.018031532,0.009416171
29/04/2020,1393,0,243,0,0.0007,0.0146,0.0034,834302,0.118832269,0.040771807,0.007293522,0.030319956,0.026985432,0.018524467,0.01829793,0.009277216
30/04/2020,1545,1139,191,0,0.0008,0.0141,0.0031,919913,0.123510593,0.042240951,0.007350695,0.031657342,0.027174309,0.019412705,0.019002884,0.009472635
01/05/2020,345,604,125,0,0.0007,0.0145,0.0036,300465,0.095255687,0.039312399,0.007358594,0.029777179,0.026505583,0.020405039,0.017745827,0.010244122
02/05/2020,856,794,118,0,0.0007,0.0164,0.0044,431299,0.133795812,0.042988739,0.007783463,0.032188806,0.027071707,0.019253465,0.018898722,0.010085811
03/05/2020,695,308,96,0,0.0006,0.0174,0.0052,379556,0.125762733,0.042225653,0.00745608,0.032092761,0.026209571,0.01910917,0.018937917,0.010006429
04/05/2020,1203,576,243,0,0.0009,0.0157,0.0035,745557,0.120056548,0.040210205,0.00728851,0.030447035,0.025627819,0.018658533,0.018366134,0.009372858
05/05/2020,1270,1104,234,0,0.001,0.0145,0.0034,748421,0.124687843,0.041017021,0.007324754,0.030545642,0.026018778,0.01880626,0.018346626,0.009556119
06/05/2020,1380,4183,177,0,0.001,0.0148,0.0032,804514,0.124881606,0.041806606,0.00695078,0.031285969,0.02649177,0.018813843,0.018740507,0.009487716
07/05/2020,1472,629,149,0,0.0006,0.0147,0.0032,929986,0.11828135,0.04201246,0.007111935,0.031492947,0.026970298,0.019195988,0.01856372,0.009968967
08/05/2020,891,642,111,0,0.0007,0.0152,0.0037,530022,0.11963277,0.041173763,0.007405353,0.030272328,0.025963073,0.018993551,0.017653984,0.010125995
09/05/2020,752,433,76,0,0.0004,0.0157,0.0041,422316,0.124342909,0.041154017,0.008420235,0.031189915,0.026634084,0.018467214,0.018263575,0.010118016
10/05/2020,580,209,69,0,0.0004,0.0174,0.005,345899,0.116054108,0.039332291,0.008248072,0.029716767,0.024969717,0.018279903,0.017444399,0.009971119
11/05/2020,1107,456,178,0,0.0005,0.0164,0.0036,630298,0.125305808,0.042005528,0.00719025,0.031096402,0.026587424,0.019106835,0.018592793,0.009674789
12/05/2020,1091,708,183,0,0.0005,0.0157,0.0033,655388,0.123117909,0.040940634,0.00725677,0.030308764,0.026555262,0.018918564,0.018183122,0.009913212
13/05/2020,1232,507,98,0,0.001,0.0146,0.0033,728806,0.121620843,0.041902783,0.007453287,0.031724492,0.026532438,0.019298689,0.018651054,0.009628077
14/05/2020,1341,622,123,0,0.0016,0.0139,0.0029,876218,0.115516915,0.042278291,0.006994835,0.031671342,0.026354172,0.019481453,0.019274884,0.009890233
15/05/2020,1195,563,118,0,0.0018,0.014,0.004,708560,0.121353167,0.040730496,0.007767867,0.03019081,0.025965338,0.018749294,0.018393643,0.009704189
16/05/2020,692,372,70,0,0.0006,0.0155,0.0049,390144,0.123313443,0.039400837,0.007986795,0.029750554,0.025311167,0.018718729,0.018631582,0.009924541
17/05/2020,552,120,54,0,0.0005,0.0159,0.0048,314377,0.121001218,0.040518231,0.007805915,0.030177144,0.025348546,0.019708821,0.018016585,0.010942276
18/05/2020,1176,492,123,0,0.0013,0.0142,0.0029,696682,0.123133654,0.040114428,0.007455338,0.030096945,0.025466425,0.019502442,0.019169435,0.009773469
19/05/2020,1198,524,125,0,0.0012,0.0143,0.0032,674804,0.12759705,0.041917357,0.006641929,0.030939354,0.027033035,0.019583464,0.0187121,0.010300769
20/05/2020,1424,418,98,0,0.001,0.013,0.0031,759607,0.133787603,0.043098602,0.007031267,0.032075797,0.027131135,0.020363161,0.018976918,0.0100552
21/05/2020,878,318,58,0,0.0008,0.0141,0.004,467775,0.132078457,0.041616162,0.00769387,0.030636524,0.026549089,0.019269948,0.01874833,0.010530704
22/05/2020,1013,393,74,0,0.0011,0.013,0.0038,558098,0.125320284,0.043472652,0.006964727,0.032734394,0.027312407,0.021257915,0.019161509,0.010951482
23/05/2020,758,250,43,0,0.0005,0.0141,0.0043,407861,0.13194201,0.04182062,0.007669279,0.031743658,0.027242124,0.020529053,0.020247094,0.011006201
24/05/2020,591,115,35,0,0.001,0.014,0.0041,350440,0.120385801,0.042084237,0.007556215,0.033255336,0.02671784,0.021073508,0.019130236,0.011451318
25/05/2020,937,358,90,0,0.0008,0.0126,0.0031,551835,0.126561382,0.040716881,0.007181494,0.030799061,0.025270235,0.019772215,0.018701242,0.009865268
26/05/2020,1047,276,148,0,0.0012,0.0133,0.0031,601800,0.127819874,0.041781323,0.007236623,0.031015287,0.0261665,0.020106348,0.018818544,0.010013293
27/05/2020,1136,191,0,0,0.0008,0.012,0.0027,650619,0.127141999,0.042268978,0.006936471,0.03164986,0.026373346,0.020712583,0.019240139,0.009873674
28/05/2020,1231,3325,66,0,0.0006,0.012,0.0027,735078,0.121882304,0.041581982,0.007072719,0.031115065,0.025952348,0.021075314,0.019060562,0.01006968
29/05/2020,974,597,61,0,0.0008,0.012,0.003,588311,0.126409331,0.042055987,0.007261465,0.031588735,0.027390275,0.019980928,0.018111169,0.010035508
30/05/2020,676,1828,57,0,0.0012,0.0135,0.0043,347232,0.130062897,0.039849438,0.007859299,0.029905078,0.025118653,0.01846604,0.018391162,0.009486453
31/05/2020,499,257,31,0,0.0004,0.0133,0.0046,266655,0.124321689,0.038184171,0.008134106,0.029300032,0.024616077,0.018248298,0.018578313,0.009956686
01/06/2020,710,338,31,0,0.0004,0.0119,0.003,409975,0.122873346,0.042995305,0.00746387,0.032719068,0.027652906,0.020967132,0.02008903,0.010137203
02/06/2020,877,0,84,0,0.0004,0.0125,0.0037,473581,0.1292176,0.041101733,0.007130776,0.03081627,0.025497222,0.019681955,0.018598719,0.009977174
03/06/2020,921,352,81,0,0.0004,0.0112,0.003,495468,0.132159897,0.040817974,0.007150815,0.030768889,0.026050118,0.020031566,0.019123334,0.00978267
04/06/2020,1149,767,44,0,0.0008,0.0109,0.0026,673587,0.126446918,0.042690848,0.007134936,0.032279423,0.026866611,0.021186573,0.019654477,0.010132321
05/06/2020,928,611,46,0,0.0004,0.012,0.0029,549044,0.125572814,0.040703477,0.007279927,0.030312689,0.026234692,0.01974523,0.018750774,0.010219582
06/06/2020,579,579,31,0,0.0002,0.0123,0.0038,301907,0.131003918,0.040264055,0.008174703,0.030386841,0.025931827,0.018995916,0.019221151,0.009764596
07/06/2020,460,343,13,0,0.0003,0.012,0.0033,252885,0.118785219,0.039776974,0.008229037,0.029661704,0.02497578,0.019388259,0.018787196,0.009866145
08/06/2020,900,211,54,0,0.0005,0.0121,0.0029,499830,0.132593082,0.041400076,0.007514555,0.031466699,0.026507012,0.019748715,0.019210532,0.009231139
09/06/2020,976,403,53,0,0.0007,0.0123,0.0029,540906,0.136482124,0.041228975,0.007491135,0.031192111,0.027098978,0.019544986,0.019260278,0.009234507
10/06/2020,990,545,23,0,0.0003,0.0119,0.0028,522072,0.134322469,0.041461714,0.007322745,0.031058934,0.026921574,0.020717449,0.019792289,0.009360778
11/06/2020,1057,425,27,0,0.0005,0.0107,0.0028,629558,0.123923451,0.041457658,0.00724,0.03144746,0.0273557,0.020188767,0.019327846,0.009735402
12/06/2020,976,726,28,0,0.0005,0.0105,0.0025,550906,0.132127804,0.041448087,0.006776111,0.03209985,0.027158898,0.01984186,0.020066944,0.009277445
13/06/2020,638,526,24,0,0.0011,0.0119,0.0035,308939,0.142817838,0.0413156,0.007619627,0.03079896,0.026390323,0.020654563,0.020046029,0.009526152
14/06/2020,487,407,9,0,0.0005,0.0132,0.0041,257788,0.129206945,0.038779928,0.008452682,0.030013034,0.025552004,0.019504399,0.018910888,0.010198302
15/06/2020,889,152,29,0,0.0009,0.0117,0.0027,485333,0.130850365,0.038833131,0.007633934,0.029252081,0.025094111,0.019357843,0.019162101,0.008789841
16/06/2020,796,344,38,0,0.0022,0.0127,0.0034,462800,0.130978825,0.0406828,0.007229905,0.030769231,0.026205704,0.019003889,0.018515557,0.009016854
17/06/2020,1070,458,28,0,0.0013,0.0111,0.003,567965,0.13558758,0.040072892,0.00710079,0.031126918,0.026241054,0.019948412,0.020520631,0.009248809
18/06/2020,1021,467,28,0,0.0009,0.0107,0.0026,588879,0.129211604,0.043017326,0.006960683,0.031959027,0.02775273,0.020939786,0.019785049,0.010002055
19/06/2020,847,811,14,0,0.0006,0.0113,0.0024,455370,0.133460702,0.041704548,0.007079957,0.031067044,0.027054922,0.020745767,0.019731208,0.010204888
20/06/2020,583,641,16,0,0.0001,0.0117,0.0036,298624,0.132979935,0.040254635,0.007578092,0.030884992,0.026970371,0.02020936,0.019884537,0.009945617
21/06/2020,441,284,7,0,0.0003,0.0126,0.0036,228320,0.139076734,0.039041696,0.00816398,0.029366678,0.025604415,0.01996321,0.018955851,0.00936843
22/06/2020,789,373,23,0,0.0002,0.0111,0.0023,421947,0.133725326,0.040872432,0.007455913,0.031117652,0.026299512,0.021194605,0.020241879,0.010224033
23/06/2020,858,517,26,0,0.0003,0.0114,0.0023,465690,0.133829371,0.040898452,0.007127059,0.03001997,0.026214864,0.020350448,0.019377698,0.010081814
24/06/2020,1059,81,11,0,0.0004,0.011,0.0022,592548,0.130851847,0.040428792,0.006873705,0.030731688,0.026397861,0.020658242,0.020207646,0.009717356
25/06/2020,1119,0,21,0,0.0006,0.011,0.0025,642718,0.125313123,0.040213593,0.00695795,0.030204538,0.026106317,0.021320392,0.019546675,0.010198874
26/06/2020,996,1588,26,0,0.0009,0.0108,0.0022,531397,0.135570957,0.043048794,0.006767069,0.033950135,0.027318558,0.021902645,0.021541334,0.010391478
27/06/2020,626,518,0,0,0.0007,0.0117,0.0027,297045,0.139850864,0.038808935,0.007928092,0.029123533,0.02537326,0.020744332,0.021320002,0.010385632
28/06/2020,395,526,0,0,0.0005,0.0138,0.0039,178373,0.151480325,0.04169353,0.007859934,0.031607923,0.028182516,0.022862204,0.022480981,0.011403071
29/06/2020,689,280,35,0,0.0004,0.0108,0.0023,389470,0.131019077,0.040326598,0.006593576,0.03011015,0.026746604,0.021115875,0.020227489,0.010180502
30/06/2020,771,541,21,0,0.0007,0.0113,0.0021,414264,0.135674353,0.039752428,0.007005195,0.029399127,0.026031709,0.019861731,0.019106174,0.009554294
01/07/2020,1021,918,18,0,0.0005,0.01,0.0022,564648,0.133224593,0.042074,0.007046868,0.031318627,0.027316133,0.020759836,0.019484706,0.010096556
02/07/2020,938,659,14,0,0.0005,0.0113,0.0022,526427,0.127725212,0.040374069,0.007495816,0.030338489,0.026113782,0.02016044,0.019590561,0.009765836
03/07/2020,801,582,18,0,0.0002,0.0105,0.0022,451853,0.128327133,0.040088259,0.00736744,0.0303373,0.025950918,0.019933474,0.019880359,0.010020958
04/07/2020,572,751,0,0,0.0003,0.0103,0.0023,277597,0.1389064,0.042111406,0.008764504,0.032010432,0.027352601,0.020767515,0.020717083,0.010572881
05/07/2020,382,448,2,0,0.0006,0.0122,0.0033,186967,0.135617515,0.041039328,0.009135302,0.029743217,0.026309456,0.020265608,0.019698663,0.010060599
06/07/2020,745,176,33,0,0.0007,0.0113,0.0031,429348,0.127404809,0.040556844,0.006828959,0.030425203,0.026235129,0.019319992,0.019965156,0.009658832
07/07/2020,788,475,34,0,0.0007,0.012,0.0028,438714,0.127520435,0.039394685,0.007025078,0.029716398,0.025390117,0.019301869,0.018157615,0.009359172
08/07/2020,829,663,32,0,0.0006,0.012,0.0024,463293,0.127172221,0.039918583,0.006986939,0.029523433,0.025644678,0.019339813,0.019139076,0.009611628
09/07/2020,869,621,14,0,0.0003,0.0112,0.0023,494636,0.125773296,0.03932791,0.007191147,0.030466848,0.026308235,0.018730946,0.018920984,0.009136011
10/07/2020,832,658,25,0,0.0007,0.0124,0.0022,434570,0.136334768,0.040235175,0.007358999,0.03073613,0.026999103,0.019278827,0.018929056,0.009485238
11/07/2020,507,752,0,0,0.0002,0.0123,0.0028,251656,0.136877325,0.039661284,0.007947357,0.029464825,0.025801094,0.018874972,0.019697524,0.009735512
12/07/2020,334,585,1,0,0.0003,0.0128,0.0032,187264,0.124498035,0.036189551,0.007401316,0.027560022,0.023496241,0.01951256,0.017766362,0.009104793
13/07/2020,685,288,38,0,0.0009,0.0133,0.0034,368964,0.131281101,0.040648952,0.007214796,0.030634425,0.026428053,0.020129335,0.018790451,0.009412842
14/07/2020,589,511,0,0,0.0008,0.0126,0.0031,312576,0.131788749,0.039663954,0.007556562,0.030440597,0.025868909,0.019649621,0.019006578,0.009348127
15/07/2020,762,416,40,0,0.0015,0.0118,0.0023,388024,0.136403934,0.039889285,0.007533039,0.029817743,0.025202049,0.019429211,0.019014288,0.009014906
16/07/2020,825,534,18,0,0.0011,0.0113,0.0024,457184,0.129085882,0.040865385,0.007434643,0.030379453,0.025972038,0.019703227,0.019106093,0.00955414
17/07/2020,735,836,14,0,0.0006,0.0128,0.0024,412746,0.130964322,0.039799295,0.007096374,0.029986965,0.025415146,0.019551976,0.018873593,0.009097605
18/07/2020,442,965,0,0,0.0003,0.0121,0.0031,233669,0.130359611,0.040026704,0.007425033,0.030573161,0.026045389,0.020456286,0.019287967,0.010009886
19/07/2020,333,765,1,0,0.0006,0.0132,0.0033,177956,0.131987682,0.037711569,0.008282946,0.028810492,0.024719594,0.017813392,0.018661916,0.009856369
20/07/2020,637,350,36,0,0.002,0.0135,0.0026,340537,0.132655189,0.040483119,0.007030073,0.029891025,0.026311385,0.018605908,0.018699877,0.009355812
21/07/2020,760,584,13,0,0.0023,0.0131,0.0029,375847,0.141201074,0.040324919,0.006630358,0.029251264,0.026329863,0.018986449,0.019090215,0.008556673
22/07/2020,728,998,7,0,0.0015,0.0117,0.0026,384471,0.13588281,0.040754699,0.007092863,0.030405414,0.026589782,0.020113351,0.019218615,0.008973369
23/07/2020,797,1062,10,0,0.0009,0.0112,0.0025,510685,0.117516669,0.038657881,0.006974945,0.029029637,0.026041493,0.018774783,0.018737578,0.009066254
24/07/2020,660,1130,10,0,0.0016,0.0112,0.0022,350116,0.136260554,0.042414514,0.0072833,0.031578106,0.026859669,0.020433228,0.01971061,0.009128403
25/07/2020,468,1108,0,0,0.0017,0.014,0.0035,236828,0.131935413,0.036515953,0.007570895,0.027796544,0.023713412,0.017151688,0.018409985,0.008656071
26/07/2020,331,929,1,0,0.0011,0.0138,0.0026,178630,0.12899289,0.037832391,0.007675083,0.028864133,0.023635448,0.019722331,0.018686671,0.008973857
27/07/2020,669,514,28,0,0.002,0.0125,0.0022,373349,0.128943696,0.039992072,0.007376476,0.030346941,0.026080156,0.019303654,0.018317981,0.008940696
28/07/2020,710,725,15,0,0.0011,0.0123,0.0022,383268,0.130201321,0.039090141,0.008127472,0.028713589,0.026018347,0.018094388,0.018347475,0.008727574
29/07/2020,822,1392,15,0,0.0015,0.0125,0.0023,402245,0.143827767,0.040631953,0.007483002,0.029825107,0.026113438,0.018038757,0.018767169,0.007855909
30/07/2020,893,1377,16,0,0.0007,0.0107,0.0018,535473,0.119087237,0.038606989,0.006700618,0.027838939,0.025472806,0.017829097,0.017388365,0.008676441
31/07/2020,862,1346,11,0,0.0014,0.0116,0.0019,469805,0.135139047,0.043217931,0.00727323,0.031251264,0.028720427,0.019708177,0.019963602,0.008601441
01/08/2020,490,1628,0,0,0.0015,0.0127,0.0021,269217,0.12698678,0.036743593,0.007410379,0.027368257,0.023267476,0.017510038,0.017718049,0.00899646
02/08/2020,278,1192,1,0,0.001,0.0139,0.0033,164289,0.122588853,0.035011474,0.007882451,0.026362081,0.022789109,0.016379672,0.018090073,0.008868518
03/08/2020,595,556,42,0,0.0012,0.0132,0.003,322725,0.131957549,0.040034085,0.007201177,0.02989852,0.026019056,0.018557595,0.018796189,0.009144008
04/08/2020,689,1039,11,0,0.0013,0.0134,0.0024,366472,0.128932088,0.040065817,0.00759676,0.029609356,0.025614508,0.017485647,0.018339737,0.00922035
05/08/2020,690,1695,9,0,0.0013,0.0129,0.0027,323594,0.148896457,0.044265345,0.007441424,0.032766368,0.029150726,0.02041138,0.019790231,0.009298689
06/08/2020,629,1604,7,0,0.0015,0.0119,0.0032,347299,0.130037806,0.043354573,0.007613037,0.032361164,0.027860719,0.021125889,0.019268699,0.010244775
07/08/2020,561,2288,12,0,0.001,0.0125,0.0029,301822,0.131117016,0.042627774,0.007494484,0.03116075,0.027486399,0.020492211,0.019147047,0.009813731
08/08/2020,337,2184,0,0,0.0004,0.0136,0.0031,169900,0.130965274,0.039152443,0.007598587,0.029470277,0.024596822,0.018516775,0.020370806,0.009711595
09/08/2020,238,1885,0,0,0.0005,0.0156,0.0042,121286,0.138960803,0.042692479,0.008550039,0.032658345,0.025575911,0.020843296,0.018979932,0.010405158
10/08/2020,498,785,34,0,0.0003,0.0131,0.0028,257776,0.13939622,0.041823133,0.007184532,0.032260567,0.026701477,0.020203588,0.018989355,0.009566445
11/08/2020,561,1397,15,0,0.0037,0.012,0.0021,300659,0.137917042,0.043384698,0.007337216,0.032062902,0.026268963,0.021303204,0.018991615,0.009911561
12/08/2020,576,2524,17,0,0.0042,0.0123,0.0024,304875,0.140759328,0.042892989,0.006901189,0.031176712,0.026223862,0.019480115,0.018328823,0.009538335
13/08/2020,589,2669,17,0,0.0013,0.0138,0.0024,300884,0.143756398,0.043289108,0.007484612,0.031483894,0.02729291,0.019881416,0.019333032,0.009458795
14/08/2020,538,2846,18,0,0.0013,0.0162,0.0026,268243,0.141632773,0.042125983,0.006941467,0.030427635,0.02564093,0.018714375,0.018367674,0.009021671
15/08/2020,301,3310,3,0,0.0008,0.0158,0.0023,142338,0.139470837,0.040727002,0.008212845,0.031467352,0.025369192,0.018568478,0.020507524,0.009329905
16/08/2020,267,3015,1,0,0.0015,0.0135,0.0025,137776,0.132824295,0.040028742,0.008063814,0.030607653,0.02577372,0.018043781,0.019408315,0.010052549
17/08/2020,506,493,19,0,0.0016,0.0149,0.003,266307,0.139831097,0.040855103,0.006973155,0.030307127,0.025602031,0.019222176,0.018752793,0.009406437
18/08/2020,572,2238,16,0,0.0014,0.0144,0.0027,299791,0.133579727,0.042452909,0.006701335,0.0308615,0.026174902,0.019647021,0.019190036,0.009683413
19/08/2020,535,3776,17,0,0.0018,0.0154,0.0025,290430,0.133956547,0.041534965,0.006724512,0.02981097,0.025376166,0.018424405,0.019051062,0.009300003
20/08/2020,562,4771,12,0,0.0017,0.0129,0.0025,322428,0.127991366,0.041013808,0.00703723,0.030422296,0.026229112,0.019132954,0.018286253,0.010166611
21/08/2020,596,4586,23,0,0.0011,0.014,0.0023,327575,0.134698924,0.041923224,0.006972449,0.030322827,0.026412272,0.018105777,0.018731588,0.010034343
22/08/2020,354,3602,9,0,0.001,0.0144,0.0027,184043,0.127665817,0.040952386,0.007509115,0.031253566,0.025369071,0.018229436,0.018941226,0.009769456
23/08/2020,257,4897,1,0,0.0004,0.0139,0.0037,138450,0.132091008,0.040086674,0.007923438,0.031115926,0.02462983,0.018187071,0.020086674,0.010155291
24/08/2020,608,1955,15,0,0.001,0.0141,0.0024,344236,0.129905065,0.040754018,0.007666252,0.029991053,0.024724317,0.01886206,0.018211343,0.010181968
25/08/2020,629,3304,21,0,0.0014,0.0141,0.0023,313467,0.144672326,0.04195657,0.008019983,0.031451477,0.026060159,0.019759656,0.018668632,0.010099947
26/08/2020,669,5429,0,0,0.0011,0.0125,0.0019,362889,0.128361565,0.039171758,0.007721369,0.028821485,0.023902626,0.018942431,0.018482236,0.009914878
27/08/2020,664,6111,36,0,0.0008,0.012,0.0017,403897,0.1253785,0.039772516,0.007373167,0.029393633,0.024981617,0.018725071,0.01805906,0.009398436
28/08/2020,675,7379,19,0,0.0005,0.0122,0.0018,394340,0.13260638,0.041215702,0.007120759,0.03386925,0.026023229,0.019924431,0.020033474,0.010250038
29/08/2020,396,5453,6,0,0.0004,0.0121,0.0022,216655,0.129791604,0.041180679,0.007888117,0.029720062,0.02453209,0.020031848,0.01932104,0.010786735
30/08/2020,242,5413,4,0,0.0005,0.014,0.0023,153587,0.116878382,0.039664815,0.007962914,0.029247267,0.024077559,0.019519881,0.018347907,0.010970981
31/08/2020,544,3082,29,0,0.0007,0.0127,0.0021,310470,0.126988115,0.039472413,0.007762425,0.02899475,0.024256772,0.018855284,0.017634554,0.00973363
01/09/2020,674,4982,19,0,0.001,0.0122,0.0017,377934,0.131742579,0.040147221,0.008162801,0.029214096,0.023996253,0.017709441,0.018286262,0.009538703
02/09/2020,632,7017,25,0,0.0008,0.0118,0.0018,354154,0.126747121,0.037907238,0.008264766,0.027776052,0.024322752,0.017108377,0.01802888,0.008640309
03/09/2020,785,7157,20,0,0.0018,0.0097,0.0017,460884,0.122653423,0.038278612,0.006993083,0.027668567,0.023906232,0.018544797,0.017746331,0.008991416
04/09/2020,688,8975,18,0,0.0017,0.0102,0.0022,388431,0.129564839,0.040475657,0.00748138,0.029701543,0.025314663,0.01875494,0.018530962,0.008822674
05/09/2020,437,8550,12,0,0.0013,0.0113,0.0018,219457,0.136295493,0.039169404,0.008502805,0.029217569,0.024647197,0.017001053,0.018550331,0.0087033
06/09/2020,354,7071,3,0,0.0023,0.0115,0.0025,167061,0.136740472,0.038578723,0.008206583,0.028169351,0.024075038,0.01811913,0.018849402,0.008751294
07/09/2020,556,4203,25,0,0.001,0.0108,0.0018,342190,0.123022298,0.038645197,0.007647798,0.028568924,0.024281832,0.018486806,0.017563342,0.008878109
08/09/2020,605,6544,39,0,0.001,0.0119,0.0023,319289,0.134404881,0.042356611,0.006620961,0.030881114,0.026186308,0.018487953,0.018024423,0.009217355
09/09/2020,885,8577,30,0,0.0023,0.0119,0.0018,449188,0.137572687,0.039691621,0.007733955,0.02995405,0.0251476,0.018500049,0.018671469,0.008617773
10/09/2020,1562,9843,19,0,0.0015,0.0117,0.0019,968869,0.122820526,0.041743517,0.007141316,0.030716227,0.025793993,0.01905624,0.019161517,0.009512122
11/09/2020,722,9406,40,0,0.001,0.0126,0.0022,367520,0.134814432,0.040544732,0.007322051,0.03046909,0.024877558,0.018428929,0.018589465,0.00905801
12/09/2020,562,10561,17,0,0.0008,0.0137,0.0028,260309,0.139445812,0.039445428,0.007556404,0.029434249,0.023764065,0.017433128,0.018170712,0.008674306
13/09/2020,287,7183,6,0,0.0006,0.0119,0.0026,141577,0.143773353,0.042167866,0.008052155,0.03126214,0.026649809,0.020172768,0.019664211,0.010149954
14/09/2020,705,6158,34,0,0.0014,0.01,0.002,391288,0.128805381,0.040589029,0.007485535,0.030151704,0.025298501,0.019037129,0.01894768,0.009328167
15/09/2020,818,7852,36,0,0.0009,0.0114,0.0017,406742,0.141207448,0.041544763,0.006945435,0.031063918,0.026444282,0.020052023,0.019466886,0.009440874
16/09/2020,842,9784,46,0,0.0009,0.011,0.0019,432414,0.137419232,0.04124057,0.007206057,0.030482362,0.025267452,0.019830533,0.018886993,0.00927352
17/09/2020,863,10593,50,0,0.001,0.0099,0.0016,519007,0.122285441,0.039668058,0.006699332,0.029749117,0.024955347,0.019866784,0.018518055,0.009329354
18/09/2020,756,13215,122,0,0.0009,0.0135,0.0026,407174,0.135897675,0.041618571,0.006925786,0.030947457,0.025669615,0.019625516,0.018225623,0.009315428
19/09/2020,489,13498,25,0,0.0005,0.012,0.0027,223031,0.14147809,0.041926907,0.008057176,0.030883599,0.026139864,0.019472629,0.019674395,0.0103035
20/09/2020,282,10569,11,0,0.0005,0.0117,0.003,130345,0.142974414,0.043147033,0.008439142,0.031194139,0.025340443,0.02020791,0.021565844,0.011039932
21/09/2020,556,5298,53,0,0.0006,0.0118,0.0021,300519,0.133731977,0.043068824,0.007084411,0.031349099,0.026457562,0.020378079,0.01899048,0.010448591
22/09/2020,735,10008,67,0,0.0012,0.0114,0.0021,389643,0.139050361,0.041068363,0.00748634,0.029460301,0.025043437,0.019340781,0.017695686,0.009382948
23/09/2020,746,13072,43,0,0.0008,0.0119,0.0024,403193,0.130880248,0.040092462,0.007018971,0.029970758,0.025484073,0.019444782,0.018298929,0.009109781
24/09/2020,898,16096,52,0,0.0007,0.0115,0.0019,471236,0.139745266,0.04368724,0.006743967,0.032514494,0.027137146,0.022143894,0.020427132,0.009844324
25/09/2020,869,15797,55,0,0.0009,0.0118,0.0026,497334,0.132275292,0.04185115,0.006621305,0.031914166,0.026883342,0.020913511,0.019383352,0.009908834
26/09/2020,526,14412,39,0,0.0008,0.0126,0.0024,257420,0.136943516,0.042339368,0.007606247,0.031104809,0.025697304,0.019998446,0.01943128,0.009777795
27/09/2020,352,11123,27,0,0.0008,0.0108,0.003,165357,0.138560811,0.042127034,0.008073441,0.031477349,0.025260497,0.0197633,0.019581874,0.009591369
28/09/2020,508,4070,81,0,0.0007,0.0117,0.003,295606,0.128725398,0.041863156,0.006765763,0.031836296,0.027259257,0.019664689,0.018128861,0.009749464
29/09/2020,743,8051,59,0,0.0012,0.0101,0.0021,411290,0.130166063,0.041559484,0.007050986,0.030859005,0.026718374,0.019504486,0.018984172,0.009543145
30/09/2020,728,12845,63,0,0.001,0.01,0.0022,397060,0.134213973,0.041432025,0.007694051,0.030980205,0.026079182,0.019478165,0.018896388,0.009537601
01/10/2020,665,13970,63,0,0.0012,0.0096,0.002,414431,0.122514966,0.039873948,0.006710405,0.030876069,0.025316639,0.019790991,0.019033325,0.009852062
02/10/2020,762,12148,47,0,0.0014,0.0125,0.0023,426450,0.134965412,0.042018994,0.006647907,0.03126744,0.025707586,0.020464298,0.018921327,0.009893305
03/10/2020,423,16972,43,0,0.0018,0.0134,0.0029,228355,0.131777277,0.044172451,0.006319108,0.033750082,0.026506974,0.021440301,0.017923847,0.010194653
04/10/2020,277,12565,32,0,0.0024,0.0135,0.0036,158274,0.130033992,0.044189191,0.005989613,0.034433956,0.027212303,0.021481734,0.019839013,0.01062714
05/10/2020,662,5084,69,0,0.001,0.0118,0.0024,368923,0.131813414,0.042924946,0.006714138,0.034055887,0.026861974,0.021782323,0.020706218,0.01015388
06/10/2020,777,10489,62,0,0.0009,0.012,0.0025,394568,0.132415705,0.040469577,0.006518522,0.031512946,0.025977778,0.019274244,0.019142455,0.008931287
07/10/2020,812,18746,80,0,0.0015,0.0123,0.0022,407933,0.13684355,0.043112472,0.006942317,0.032149887,0.026761748,0.020089083,0.019365925,0.009597164
08/10/2020,771,18129,76,0,0.0013,0.0111,0.0023,473666,0.121699679,0.04077979,0.006798039,0.031473654,0.025775546,0.019792428,0.018808612,0.009878269
09/10/2020,712,20339,62,0,0.0008,0.0113,0.0021,373019,0.139314619,0.041767309,0.00686024,0.03170616,0.026894072,0.020108895,0.020023109,0.009530346
10/10/2020,564,26896,54,0,0.0006,0.0129,0.0027,286878,0.134722774,0.039054929,0.006703198,0.029597948,0.025449843,0.018412008,0.019259058,0.009680073
11/10/2020,307,16101,46,0,0.001,0.0116,0.003,176664,0.121490513,0.040127021,0.006758593,0.031608024,0.024662636,0.019987094,0.018866323,0.010047321
12/10/2020,618,8505,95,0,0.0022,0.0131,0.0027,333170,0.134985143,0.042353753,0.006249062,0.031623496,0.026569019,0.020364979,0.018948285,0.00965273
13/10/2020,890,12993,84,0,0.0023,0.0131,0.0023,478808,0.133815642,0.042825099,0.006340746,0.031722528,0.026762293,0.019899417,0.019114133,0.009596749
14/10/2020,941,22591,104,0,0.0016,0.0141,0.0024,492943,0.133086381,0.04205963,0.006818233,0.0310401,0.02697675,0.019156373,0.018728332,0.00913493
15/10/2020,946,30621,88,0,0.0012,0.0126,0.002,555506,0.123586424,0.041227277,0.006493179,0.030986164,0.026294946,0.020010585,0.018980893,0.009139415
16/10/2020,869,25086,122,0,0.002,0.0133,0.0023,492125,0.12583998,0.042172212,0.006768606,0.031851664,0.026245364,0.019448311,0.019818136,0.009272035
17/10/2020,525,32427,89,0,0.0011,0.013,0.0029,243401,0.139440676,0.044046656,0.007526674,0.032111618,0.027448531,0.019482254,0.019416518,0.008968739
18/10/2020,331,29837,85,0,0.0006,0.0123,0.0034,163446,0.138700244,0.040551619,0.008131126,0.030542197,0.025243811,0.020336992,0.019211238,0.009893176
19/10/2020,599,13243,146,0,0.0013,0.0123,0.0024,321392,0.130143252,0.040069448,0.007140812,0.029406457,0.025233982,0.019487106,0.018721686,0.008973465
20/10/2020,739,20468,162,0,0.0013,0.0113,0.0025,419506,0.126734779,0.040726474,0.006588702,0.030004338,0.025851835,0.020068843,0.019046211,0.009320486
21/10/2020,723,26676,163,0,0.0015,0.0124,0.0025,367133,0.135027361,0.042093737,0.006752321,0.030907055,0.026927571,0.019704031,0.018527346,0.009337216
22/10/2020,846,41622,162,0,0.001,0.013,0.0022,457064,0.131681778,0.039427739,0.006653335,0.029643551,0.025532529,0.018537885,0.019025782,0.008047013
23/10/2020,881,42032,184,0,0.0016,0.0144,0.003,476350,0.130653931,0.041142017,0.006574997,0.030851265,0.027038942,0.018511599,0.018106434,0.009018579
24/10/2020,590,45422,137,0,0.0024,0.0153,0.0034,272776,0.13559844,0.042401091,0.00704974,0.031630349,0.027436431,0.019279555,0.019363874,0.008442825
25/10/2020,426,52010,116,0,0.001,0.0156,0.0028,185741,0.146079756,0.04549884,0.007445852,0.033998956,0.028168256,0.022375243,0.021002364,0.00996549
26/10/2020,634,26771,257,0,0.0015,0.0126,0.002,342114,0.131041115,0.041427711,0.006565063,0.031243971,0.026757163,0.020297328,0.019385351,0.009224995
27/10/2020,829,33417,288,0,0.0013,0.0139,0.0024,427591,0.134013578,0.043618785,0.006775166,0.031399164,0.027682996,0.019853084,0.018912933,0.00927288
28/10/2020,964,36437,244,0,0.0011,0.014,0.003,515818,0.131684044,0.044378056,0.006195984,0.03287206,0.028690352,0.020427748,0.019559224,0.008869407
29/10/2020,1013,47637,235,0,0.0009,0.0128,0.0031,590592,0.123188259,0.042647039,0.007062405,0.031803682,0.028197131,0.020076466,0.019278961,0.009121356
30/10/2020,859,49215,255,0,0.0008,0.0128,0.0026,491716,0.126503917,0.043600371,0.006886089,0.031774439,0.028006003,0.020275932,0.019948507,0.009725126
31/10/2020,586,35641,223,0,0.0003,0.0147,0.0037,269650,0.146467643,0.046167254,0.007012794,0.033558316,0.029397367,0.021386983,0.019629149,0.009267569
01/11/2020,350,46290,231,0,0.0004,0.0141,0.0039,177560,0.135678081,0.044593377,0.0075918,0.033200045,0.028429827,0.021986934,0.019058346,0.010599234
02/11/2020,677,52518,416,0,0.0004,0.0128,0.0027,368619,0.131357852,0.042900664,0.007156441,0.032456276,0.027193389,0.020924044,0.01845537,0.009307713
03/11/2020,723,36330,426,0,0.0007,0.0124,0.003,393924,0.13202039,0.043668322,0.007133356,0.033399844,0.027736315,0.022423107,0.01901382,0.009565297
04/11/2020,791,40558,385,0,0.001,0.0142,0.0027,402418,0.132586018,0.042421065,0.007030004,0.032237624,0.027175723,0.02009105,0.019484715,0.008612935
05/11/2020,893,58046,363,0,0.001,0.0134,0.0028,487845,0.133913436,0.043843844,0.006631205,0.033279013,0.028537753,0.019789072,0.019350408,0.009168896
06/11/2020,858,60486,398,0,0.0006,0.0135,0.0033,473875,0.132370351,0.043790029,0.006600897,0.033439198,0.028321815,0.019804801,0.018677921,0.00913321
07/11/2020,469,86852,304,0,0.0008,0.0148,0.0034,261207,0.123070974,0.045929091,0.00640871,0.034976092,0.02871286,0.022840123,0.01965491,0.010776893
08/11/2020,396,38619,270,0,0.0008,0.0139,0.004,194343,0.135523276,0.046489969,0.006730368,0.034902209,0.028501155,0.022295632,0.019583932,0.011201844
09/11/2020,857,20155,548,0,0.0044,0.0132,0.0034,456110,0.127778387,0.041476837,0.007044353,0.031062682,0.026210782,0.019675078,0.018442919,0.008789546
10/11/2020,949,22180,466,0,0.0071,0.0128,0.0033,499296,0.132746908,0.041650644,0.006659376,0.030488928,0.026411187,0.019160979,0.018313786,0.008377796
11/11/2020,717,35879,328,0,0.0058,0.0138,0.0048,329266,0.139862603,0.042543111,0.006541823,0.031011401,0.027035892,0.018392424,0.01828309,0.008628282
12/11/2020,889,33172,425,0,0.0036,0.0123,0.0032,510590,0.126976635,0.041005503,0.006811728,0.030174896,0.025623299,0.019005464,0.01800662,0.009130614
13/11/2020,889,23794,456,0,0.003,0.0128,0.0031,485044,0.132322016,0.043309473,0.006933392,0.031421892,0.027747998,0.019109607,0.018099389,0.008869298
14/11/2020,560,32095,354,0,0.0032,0.0141,0.0042,285371,0.129564672,0.041332161,0.007467472,0.029873393,0.026050299,0.018887694,0.017924036,0.008974283
15/11/2020,400,27228,302,0,0.0034,0.0136,0.0038,189277,0.140534772,0.045319822,0.007127121,0.032946422,0.028371117,0.020831902,0.01950052,0.009446473
16/11/2020,783,9406,506,0,0.0055,0.0124,0.0025,432076,0.129826697,0.040485933,0.006635407,0.029716994,0.025791759,0.018695785,0.018580065,0.008625797
17/11/2020,890,45522,428,0,0.005,0.0127,0.0029,494560,0.12996603,0.042326512,0.006777742,0.031708994,0.027157473,0.01969023,0.018612504,0.009107085
18/11/2020,903,28383,425,0,0.0057,0.0131,0.0032,463536,0.135342239,0.04229445,0.006454731,0.031494857,0.026507111,0.019504418,0.018279055,0.009304563
19/11/2020,899,21150,429,0,0.0046,0.0122,0.0026,490573,0.132577618,0.042050826,0.006818557,0.031190057,0.026409933,0.019100114,0.01872708,0.008555302
20/11/2020,894,22882,381,0,0.0051,0.0135,0.0032,492846,0.129740325,0.041313108,0.006811458,0.03100157,0.026131895,0.019172318,0.018423605,0.009256441
21/11/2020,734,17881,253,0,0.0021,0.0143,0.0036,330580,0.149334503,0.042440559,0.007069393,0.030821586,0.026789279,0.019142114,0.019931635,0.008775486
22/11/2020,391,13157,214,0,0.0041,0.0142,0.0032,188921,0.143964938,0.043245589,0.007526956,0.031849292,0.026037338,0.020834105,0.019034411,0.009289597
23/11/2020,752,4452,500,0,0.0066,0.0128,0.0026,423813,0.130824208,0.042483359,0.006686911,0.030796601,0.025659902,0.019345796,0.01776491,0.008904871
24/11/2020,805,9155,454,0,0.0044,0.0127,0.0031,440891,0.128551048,0.039830706,0.006793062,0.029231715,0.024706787,0.018453541,0.017845681,0.008816238
25/11/2020,842,16282,381,0,0.0031,0.0123,0.0028,431726,0.12584139,0.041352617,0.006802926,0.029896277,0.025884473,0.018240736,0.01825695,0.008892214
26/11/2020,751,13563,339,0,0.0036,0.0101,0.0026,463747,0.121663321,0.03988166,0.007051259,0.030376477,0.025705827,0.018874516,0.018620067,0.008743992
27/11/2020,623,12459,393,0,0.0033,0.0112,0.002,356216,0.129820109,0.041295169,0.006973297,0.030335527,0.025863521,0.019336582,0.018937948,0.009665484
28/11/2020,447,12580,213,0,0.0033,0.0133,0.0032,209792,0.141235128,0.042480171,0.007164239,0.030492106,0.026521507,0.019076037,0.018742373,0.009275854
29/11/2020,315,9784,198,0,0.0022,0.0111,0.0038,180861,0.120689369,0.038847513,0.007364772,0.029171574,0.024897573,0.018279231,0.017753966,0.009161732
30/11/2020,630,4005,406,0,0.0041,0.01,0.0026,357161,0.127620317,0.041085113,0.007164836,0.030412055,0.025884685,0.019943387,0.018232674,0.009110737
01/12/2020,776,8083,363,0,0.0049,0.0112,0.003,427582,0.133726396,0.042770743,0.007177571,0.031236114,0.026406631,0.020344636,0.01869349,0.009270736
02/12/2020,796,14064,310,0,0.0065,0.0108,0.0023,464040,0.126202483,0.041104215,0.006611499,0.030654685,0.026312387,0.019597448,0.018696664,0.009460391
03/12/2020,873,12696,324,0,0.0065,0.0104,0.0028,526601,0.121625291,0.040250588,0.00660652,0.030172749,0.025505079,0.01967144,0.017276838,0.009177727
04/12/2020,678,11221,282,0,0.0077,0.0107,0.0031,365774,0.131611323,0.040516822,0.006438402,0.029928316,0.0252615,0.019268729,0.017406923,0.009287155
05/12/2020,489,12923,214,0,0.0056,0.0109,0.0034,251354,0.122337421,0.039374746,0.007220892,0.029456464,0.025302959,0.018802167,0.018396365,0.009703446
06/12/2020,289,11022,174,0,0.0037,0.0114,0.0042,177258,0.11280732,0.037769804,0.007683715,0.029076262,0.024512293,0.019305194,0.01902876,0.010357784
07/12/2020,568,3411,366,0,0.0037,0.0112,0.0029,314070,0.130171618,0.040108893,0.00699844,0.030512306,0.025847741,0.020068774,0.018346229,0.009099882
08/12/2020,755,13713,377,0,0.0053,0.0119,0.0028,369834,0.138705473,0.040734492,0.006992326,0.030448796,0.025860251,0.018800327,0.018086493,0.008503815
09/12/2020,763,14595,296,0,0.0059,0.0121,0.0023,387136,0.13986816,0.040363077,0.006945879,0.029418602,0.025515581,0.01832431,0.018177075,0.008100512
10/12/2020,783,13750,292,0,0.0049,0.0126,0.0025,449328,0.127926593,0.040907756,0.00671002,0.029880177,0.025368995,0.019133016,0.017724246,0.008988979
11/12/2020,730,13406,304,0,0.0055,0.0113,0.0024,422903,0.125603271,0.040352043,0.006590164,0.030214967,0.02593739,0.019259736,0.018072702,0.009077732
12/12/2020,482,13947,194,0,0.0065,0.0111,0.003,229490,0.141570439,0.040485424,0.007207286,0.030101529,0.025251645,0.017739335,0.018889712,0.008457885
13/12/2020,338,11533,150,0,0.0031,0.0117,0.0033,167568,0.130764824,0.038014418,0.007250788,0.029128473,0.025303161,0.017198988,0.019580111,0.008700945
14/12/2020,762,3063,371,0,0.0051,0.0113,0.0026,423592,0.131529868,0.039568736,0.006881622,0.029960434,0.025866872,0.018678351,0.018827079,0.008772592
15/12/2020,669,11532,307,0,0.0051,0.0115,0.0023,359322,0.137325296,0.042182221,0.006746038,0.031164248,0.027318116,0.019801181,0.018996889,0.008964105
16/12/2020,774,17615,289,0,0.0052,0.0114,0.0023,433341,0.128709261,0.039643145,0.007659095,0.030043315,0.025310321,0.018941203,0.017787378,0.009096762
17/12/2020,854,18254,258,0,0.0056,0.0129,0.0025,491845,0.125580213,0.039437221,0.007087599,0.029486932,0.02482896,0.018019905,0.01780439,0.009015035
18/12/2020,728,15674,255,0,0.0045,0.0134,0.0027,412731,0.126169345,0.039803165,0.00680104,0.029796647,0.024837,0.018023846,0.017999617,0.008959831
19/12/2020,565,17565,189,0,0.0048,0.014,0.003,266249,0.131298146,0.039173856,0.007579371,0.028503393,0.025074273,0.017866734,0.019293969,0.009235715
20/12/2020,428,12799,131,0,0.0061,0.0135,0.0025,215815,0.131617357,0.038023307,0.007631536,0.029057294,0.023529412,0.017742048,0.018288812,0.010425596
21/12/2020,774,5797,351,0,0.0065,0.0137,0.0021,413898,0.130638466,0.041696263,0.00650885,0.032392039,0.026252845,0.018354764,0.01927528,0.011094521
22/12/2020,736,11795,381,0,0.0069,0.013,0.0023,413280,0.126113047,0.040376984,0.00712108,0.030364402,0.025491192,0.018195896,0.018203155,0.009792393
23/12/2020,736,14929,276,0,0.0055,0.0124,0.0025,383567,0.13666452,0.041812773,0.006869725,0.031639844,0.026175349,0.018460921,0.01883113,0.009638473
24/12/2020,540,21634,290,0,0.0047,0.012,0.0029,292331,0.1303625,0.040809904,0.00793963,0.031070944,0.025871358,0.018058297,0.019111897,0.009684228
25/12/2020,263,20262,159,0,0.006,0.0133,0.0035,141002,0.12348761,0.036311542,0.007418334,0.028503142,0.023077687,0.016737351,0.017751521,0.009517595
26/12/2020,418,3093,146,0,0.0082,0.0136,0.0035,223438,0.124893707,0.037437678,0.007465158,0.028844691,0.024279666,0.017978142,0.017517164,0.009420958
27/12/2020,367,8822,173,16,0.0117,0.0137,0.0042,199194,0.123141259,0.039278292,0.007610671,0.031070213,0.024905369,0.018956394,0.017113969,0.009643865
28/12/2020,596,2960,363,57,0.0084,0.0131,0.0033,321615,0.124182641,0.039879981,0.007490322,0.03071996,0.025089004,0.019902679,0.016762278,0.010369541
29/12/2020,677,11395,384,104,0.0058,0.0123,0.0032,368862,0.126128471,0.042636542,0.007192392,0.032792752,0.027210718,0.021647662,0.018405257,0.010784521
30/12/2020,735,26457,303,110,0.0095,0.0133,0.0033,392779,0.128390265,0.039801008,0.007393471,0.03062791,0.025345041,0.019471509,0.017434741,0.009880874
31/12/2020,686,19927,251,81,0.0061,0.0113,0.003,405314,0.119630706,0.041057057,0.007335054,0.03107714,0.026663278,0.02047795,0.018491836,0.009915769
01/01/2021,302,19348,133,50,0.0052,0.0116,0.0027,178760,0.117515104,0.041653614,0.008368763,0.031707317,0.026756545,0.020670172,0.019266055,0.010421795
02/01/2021,435,3466,156,71,0.0056,0.0128,0.0031,216205,0.133771189,0.038625379,0.00867695,0.030517333,0.024726533,0.017821049,0.018579589,0.009074721
03/01/2021,356,12489,116,85,0.0089,0.0131,0.0036,169422,0.137721193,0.041765532,0.007773489,0.032917803,0.027074406,0.019472087,0.017978775,0.009432069
04/01/2021,720,4022,378,1460,0.0107,0.0108,0.0026,437080,0.12341219,0.041033678,0.007069644,0.031440469,0.025105244,0.019518166,0.016990025,0.009670998
05/01/2021,806,20489,345,5324,0.0112,0.0109,0.0024,446924,0.12884741,0.04000009,0.006943015,0.030806133,0.024223358,0.018647466,0.016354011,0.009426659
06/01/2021,844,25379,283,11204,0.0119,0.0108,0.0027,457310,0.134880059,0.039797949,0.007038989,0.030884958,0.024351097,0.018687542,0.017185279,0.009453106
07/01/2021,821,21703,276,28346,0.0099,0.0111,0.0025,441239,0.131241799,0.041700756,0.006799036,0.032490328,0.025895263,0.019164217,0.017691093,0.008888607
08/01/2021,750,19814,276,35773,0.0105,0.013,0.0034,397789,0.132185656,0.039546091,0.006830254,0.030543831,0.02439987,0.017464032,0.016724947,0.008959524
09/01/2021,623,20177,168,10849,0.0088,0.013,0.003,291370,0.142948828,0.040577273,0.007766757,0.03008889,0.024583862,0.017778083,0.01797371,0.008748327
10/01/2021,284,15944,151,5593,0.009,0.0156,0.0038,164365,0.124235695,0.03905941,0.00720348,0.029568339,0.023782435,0.017990448,0.014972774,0.009345055
11/01/2021,749,3582,310,38494,0.0078,0.013,0.003,395609,0.137140459,0.041801375,0.006809754,0.032279347,0.025080319,0.018217482,0.016718528,0.009501806
12/01/2021,863,19752,355,59789,0.0085,0.0126,0.0025,439360,0.137185907,0.041376092,0.006605062,0.031368354,0.025100146,0.018445011,0.017250091,0.009434177
13/01/2021,959,23852,229,62776,0.0078,0.0119,0.0029,492967,0.139102617,0.042205665,0.006653589,0.032062998,0.026612329,0.018763933,0.017526528,0.008925547
14/01/2021,899,21228,282,78925,0.0076,0.0125,0.0029,504554,0.130128787,0.041680375,0.00652061,0.031300911,0.025513622,0.018511398,0.01745502,0.009416237
15/01/2021,894,21271,280,66599,0.0074,0.0122,0.0025,485848,0.129748399,0.040255389,0.006427936,0.029533928,0.024505607,0.019020352,0.017196736,0.009430933
16/01/2021,755,21406,193,19548,0.0113,0.0099,0.003,344627,0.143636453,0.039654467,0.006969854,0.029263523,0.023393408,0.017920825,0.016963268,0.009134514
17/01/2021,464,16642,141,10424,0.0096,0.01,0.0031,243390,0.124355972,0.036164181,0.007662599,0.027511401,0.022474218,0.017913637,0.017022063,0.009585439
18/01/2021,926,3736,403,83663,0.0092,0.0099,0.0024,520906,0.126734958,0.040416121,0.006801611,0.03081938,0.024989154,0.019028385,0.017650017,0.009431644
19/01/2021,1095,23608,369,127397,0.0099,0.0105,0.003,549073,0.13432458,0.041173032,0.006982678,0.030476822,0.025248009,0.018859059,0.017276391,0.009699985
20/01/2021,1137,26784,310,133841,0.0081,0.0104,0.0033,543073,0.139920416,0.041539535,0.007083762,0.030161691,0.025228653,0.020059918,0.017610892,0.009543837
21/01/2021,1104,22848,346,153809,0.008,0.011,0.0026,589184,0.130594178,0.040678294,0.007143779,0.030285955,0.024825861,0.019306363,0.01823539,0.009382468
22/01/2021,998,23292,319,117360,0.0074,0.011,0.0024,538098,0.131167557,0.040674747,0.006798018,0.030856833,0.02546748,0.019080168,0.01789451,0.009325439
23/01/2021,768,23924,230,37682,0.0094,0.012,0.0031,340117,0.145079487,0.041603331,0.007209284,0.031671454,0.025597074,0.018467175,0.018167278,0.009032186
24/01/2021,546,18436,172,9296,0.0081,0.0131,0.0036,267335,0.127140105,0.037226701,0.006497466,0.029068397,0.022526044,0.018714347,0.017393907,0.010002431
25/01/2021,914,4240,445,76287,0.0075,0.0129,0.0026,444395,0.136884978,0.041060318,0.006442467,0.030751921,0.024696497,0.019572677,0.01806726,0.009460052
26/01/2021,1110,22086,350,97858,0.0098,0.0114,0.0024,560369,0.135690946,0.04129065,0.00647609,0.030992078,0.025463578,0.020334815,0.017786494,0.009527651
27/01/2021,1178,26916,350,104932,0.008,0.011,0.0023,600089,0.132060411,0.041530506,0.006387386,0.031087055,0.026029472,0.020200337,0.017784029,0.009250295
28/01/2021,1174,23770,344,121204,0.0082,0.0118,0.0025,630110,0.130569266,0.041895859,0.006405231,0.031139007,0.025912936,0.019715605,0.017555665,0.009311073
29/01/2021,1083,22858,355,90096,0.011,0.0116,0.0025,555749,0.130985391,0.042177314,0.006276215,0.03096002,0.026193479,0.019760719,0.017509703,0.009462905
30/01/2021,698,24392,242,28577,0.0093,0.0125,0.0029,333152,0.135784867,0.040239891,0.007152891,0.030574633,0.024493324,0.018751201,0.017856714,0.009569206
31/01/2021,456,19235,195,4848,0.0076,0.0124,0.0028,243344,0.127930009,0.039655796,0.007109277,0.029949372,0.024241403,0.019696397,0.017530738,0.011140608
01/02/2021,861,4347,455,51175,0.0084,0.0097,0.0022,438643,0.138404124,0.040698244,0.00688715,0.030136124,0.025303037,0.020016277,0.018345215,0.009449598
02/02/2021,891,23337,404,69967,0.0094,0.0098,0.0021,469829,0.134802237,0.0413576,0.006823759,0.030440863,0.025813647,0.019321924,0.01749147,0.009069257
03/02/2021,994,26362,357,70487,0.0119,0.0101,0.0022,500864,0.128298301,0.038818921,0.006750335,0.02799163,0.02401051,0.01847807,0.01648152,0.009252013
04/02/2021,939,23448,357,79626,0.0087,0.01,0.0021,538045,0.122212826,0.041472368,0.006343336,0.030491873,0.025938351,0.019923984,0.016868478,0.010066073
05/02/2021,898,22139,293,66368,0.0078,0.0107,0.0021,458551,0.139666035,0.042996308,0.0069109,0.031222263,0.026858517,0.019642308,0.017559661,0.00978081
06/02/2021,694,20586,191,21160,0.0086,0.0104,0.0033,301124,0.14504988,0.042547256,0.007339169,0.031266189,0.026487427,0.019829041,0.018792923,0.009378196
07/02/2021,442,19715,171,4801,0.0087,0.0107,0.0033,206688,0.143506154,0.0432536,0.008210443,0.031138721,0.025415118,0.019759251,0.018839991,0.009937684
08/02/2021,707,4317,458,45605,0.009,0.0114,0.0028,376667,0.134742359,0.040996424,0.006761941,0.029601744,0.02496635,0.019725646,0.017524763,0.009403532
09/02/2021,842,18870,436,64278,0.0071,0.0119,0.0027,435502,0.135471249,0.040596828,0.006704906,0.029942457,0.024674973,0.018238722,0.017446533,0.00895059
10/02/2021,925,25387,296,68490,0.0081,0.0129,0.0025,474394,0.136011417,0.040885846,0.006842414,0.030293385,0.02463564,0.018143147,0.017344233,0.009188565
11/02/2021,836,21063,360,84436,0.0069,0.0109,0.0021,459641,0.1275713,0.04143016,0.006613857,0.029694914,0.026139966,0.01885602,0.017876995,0.009248522
12/02/2021,832,20701,317,76691,0.0079,0.0115,0.0022,420198,0.135150572,0.041097292,0.006532635,0.029852593,0.025304737,0.018615034,0.01796772,0.00925754
13/02/2021,598,21231,199,21487,0.0095,0.0137,0.0033,247984,0.139371895,0.041006678,0.007327086,0.03042535,0.025283889,0.018997193,0.017855991,0.009472385
14/02/2021,449,16546,167,4527,0.0091,0.0128,0.0031,212733,0.14409142,0.039965591,0.007629282,0.029967142,0.024396779,0.018671292,0.017811059,0.008677544
15/02/2021,1378,4376,412,36589,0.0082,0.0119,0.0026,672024,0.139625966,0.040043213,0.006868802,0.029484066,0.024500613,0.018913015,0.01738926,0.009270502
16/02/2021,820,19590,351,48586,0.0074,0.0116,0.0025,416137,0.13465998,0.041140298,0.006915992,0.030456316,0.026162057,0.018940878,0.017467805,0.008852854
17/02/2021,927,25018,310,48778,0.0091,0.0108,0.0024,465721,0.137530839,0.040045435,0.007051432,0.029629327,0.024390139,0.019086535,0.01724423,0.008713371
18/02/2021,932,22501,271,66605,0.0074,0.0103,0.0022,499344,0.130034605,0.040603271,0.006282242,0.030097488,0.025705726,0.018922827,0.017801355,0.008973774
19/02/2021,859,24116,325,62792,0.0074,0.0105,0.0024,402861,0.144235853,0.040914856,0.006925466,0.030104676,0.025966773,0.018884926,0.018470391,0.008799561
20/02/2021,611,22371,157,17814,0.0102,0.0112,0.0023,272683,0.141688334,0.039313048,0.007532556,0.02776484,0.023917883,0.017489172,0.018057598,0.009058137
21/02/2021,382,22046,159,2833,0.0071,0.0128,0.0028,182712,0.141419283,0.040998949,0.008319103,0.031251368,0.024634397,0.019221507,0.019500635,0.00969285
22/02/2021,708,4646,333,35841,0.0094,0.0107,0.0022,360661,0.141492981,0.041066264,0.006720993,0.031106773,0.02497359,0.020376475,0.017831149,0.010075944
23/02/2021,764,20064,310,51760,0.0076,0.0114,0.0023,403104,0.135047035,0.041036556,0.007176808,0.029833492,0.025179606,0.019942744,0.017662936,0.010012305
24/02/2021,874,31519,277,56822,0.0084,0.0112,0.0025,468734,0.132234914,0.038501581,0.006720229,0.028628177,0.024286696,0.018899845,0.017489664,0.008456822
25/02/2021,1051,25403,261,96692,0.0084,0.0108,0.0023,587485,0.129065423,0.039449518,0.006376333,0.029634799,0.024838081,0.01890261,0.017455765,0.008744053
26/02/2021,924,25207,284,109762,0.0098,0.0113,0.0021,466870,0.138629597,0.041264163,0.006507165,0.03096151,0.02556172,0.019090968,0.01751237,0.008706921
27/02/2021,639,23996,185,50079,0.0068,0.0116,0.0025,302615,0.137336219,0.041333047,0.007365795,0.031059267,0.025322605,0.019566115,0.017973332,0.00943443
28/02/2021,456,19952,122,5579,0.0091,0.0115,0.0027,230770,0.131230229,0.040594531,0.007340642,0.031134896,0.025154916,0.019655934,0.017471942,0.009403302
01/03/2021,695,4703,375,61537,0.0082,0.01,0.0018,366520,0.134219142,0.04049438,0.006498963,0.030031103,0.024890865,0.019985267,0.01774528,0.009382844
02/03/2021,817,22857,300,96907,0.0101,0.0112,0.0022,393844,0.140784168,0.041694173,0.007053554,0.030565402,0.02575893,0.01960167,0.016780756,0.009054346
03/03/2021,916,26788,322,110867,0.0089,0.0109,0.0022,465645,0.138328555,0.041441441,0.007007484,0.030838944,0.025650442,0.019570703,0.016948534,0.009251683
04/03/2021,918,25279,293,154762,0.0077,0.0105,0.0022,488728,0.133773796,0.041329738,0.006547609,0.030937454,0.025558184,0.019274525,0.017277504,0.008867918
05/03/2021,883,23507,238,193417,0.0113,0.0102,0.0025,432784,0.138470923,0.042258956,0.006996562,0.031149488,0.025019409,0.019605623,0.0175122,0.009177788
06/03/2021,617,23306,170,199885,0.011,0.0098,0.0022,273018,0.143312895,0.040726252,0.007695463,0.0307379,0.023698071,0.019910775,0.017130739,0.009167894
07/03/2021,430,21825,130,116892,0.0131,0.0104,0.0021,185675,0.147101118,0.040554733,0.007545442,0.031765181,0.023788878,0.020853642,0.017848391,0.009021139
08/03/2021,701,5327,359,102345,0.0106,0.0102,0.0023,358713,0.133820073,0.041665621,0.007267649,0.031696649,0.025153814,0.020804933,0.017994887,0.009389122
09/03/2021,822,23302,298,165951,0.0108,0.0103,0.0028,371444,0.143370198,0.040129872,0.00745469,0.030292588,0.024345527,0.018263857,0.016853146,0.008983858
10/03/2021,807,30303,264,171156,0.0085,0.0103,0.0029,411745,0.137167422,0.03938117,0.006972762,0.029729566,0.024602606,0.019142916,0.016364497,0.008699559
11/03/2021,872,27166,265,234130,0.0108,0.0109,0.0026,463045,0.131166517,0.040391323,0.007312464,0.030236802,0.02488527,0.018814586,0.017641914,0.00869246
12/03/2021,931,25229,223,284935,0.0126,0.0109,0.0029,471874,0.137617245,0.042415984,0.007228625,0.031080331,0.025299126,0.018464675,0.017540699,0.008894323
13/03/2021,609,29759,169,222826,0.0099,0.0116,0.0032,291037,0.131959167,0.042468827,0.007438917,0.032329223,0.02617193,0.019691654,0.0178534,0.009314967
14/03/2021,410,26343,140,61065,0.0112,0.0104,0.0037,206316,0.131797825,0.044165261,0.006839024,0.032251498,0.026929564,0.020114775,0.017405339,0.010386979
15/03/2021,894,6471,333,152334,0.0099,0.012,0.0035,471745,0.130032115,0.042813384,0.006721852,0.031504308,0.026586397,0.019001791,0.017984292,0.009341911
16/03/2021,920,29975,314,136274,0.0119,0.0105,0.0028,510174,0.1238205,0.042050359,0.006740837,0.031461815,0.025844124,0.018191833,0.017409746,0.009190982
17/03/2021,1087,38501,241,143538,0.0092,0.0121,0.003,582091,0.132922516,0.043171944,0.00691988,0.032180535,0.026686549,0.018330467,0.018229109,0.009316413
18/03/2021,1007,34998,268,160329,0.0085,0.011,0.0025,581062,0.125525331,0.041083396,0.006646451,0.030575051,0.025276132,0.018994531,0.017669371,0.009665062
19/03/2021,850,35088,285,221005,0.0094,0.0115,0.0024,473671,0.13255403,0.042839861,0.006846524,0.031578881,0.025638048,0.019426986,0.0179365,0.00940104
20/03/2021,570,35327,176,161480,0.0066,0.0122,0.0028,279491,0.139138648,0.042917303,0.006969813,0.032967072,0.026033039,0.019517623,0.018240301,0.009689042
21/03/2021,418,30581,138,48002,0.0083,0.0129,0.0027,194189,0.143937092,0.044539083,0.007127077,0.033436497,0.026232176,0.021242192,0.018863066,0.010283796
22/03/2021,708,15792,343,163417,0.0093,0.0109,0.0026,363905,0.135180885,0.04207142,0.00675451,0.032431541,0.025707259,0.021131889,0.018106374,0.01008505
23/03/2021,774,14678,287,241052,0.0096,0.0107,0.0029,406644,0.135550998,0.042668772,0.006624959,0.03218786,0.025383382,0.019941275,0.017278012,0.009187397
24/03/2021,828,65373,245,246355,0.0093,0.0102,0.0024,465523,0.126285919,0.041506005,0.006599029,0.031083319,0.025309168,0.019693979,0.017341785,0.009105887
25/03/2021,800,45641,225,324551,0.0074,0.01,0.0023,473995,0.119302946,0.039856961,0.00656547,0.030610028,0.024905326,0.019432694,0.017972763,0.009206848
29/03/2021,14,9094,360,53398,0.0051,0.018,0.0047,9079,0.100451592,0.04262584,0.005727503,0.03337372,0.022139002,0.018283952,0.022249146,0.01619121
