date,article_count,death_count,deaths_cumulated,dict_hits,average_hits_per_article,average_hits_per_words,total_words,feel_positive,feel_negative,feel_joy,feel_fear,feel_sadness,feel_anger,feel_surprise,feel_disgust
02/01/2020,1,0,0,0,0.0000,0.0000,421,0.185273159145,0.040380047506,0.011876484561,0.035629453682,0.045130641330,0.019002375297,0.011876484561,0.004750593824
10/01/2020,1,0,0,2,2.0000,0.0028,723,0.138312586432,0.027662517289,0.009681881051,0.041493775934,0.033195020747,0.009681881051,0.012448132780,0.004149377593
26/01/2020,1,0,0,7,7.0000,0.0063,1110,0.090090090081,0.037837837838,0.002702702703,0.035135135135,0.024324324324,0.011711711712,0.011711711712,0.016216216216
28/01/2020,1,0,0,0,0.0000,0.0000,693,0.144300144286,0.037518037518,0.008658008658,0.037518037518,0.030303030303,0.014430014430,0.011544011544,0.007215007215
29/01/2020,10,0,0,14,1.4000,0.0020,7158,0.139564124044,0.039256775636,0.007683710534,0.029756915339,0.026823134954,0.015926236379,0.023889354568,0.012573344510
31/01/2020,1,0,0,1,1.0000,0.0015,656,0.140243902439,0.064024390244,0.009146341463,0.047256097561,0.036585365854,0.028963414634,0.022865853659,0.016768292683
01/02/2020,2,0,0,0,0.0000,0.0000,474,0.130801687764,0.042194092827,0.012658227848,0.012658227848,0.012658227848,0.008438818565,0.004219409283,0.016877637131
02/02/2020,3,0,0,6,2.0000,0.0036,1645,0.160486322188,0.084498480243,0.007294832827,0.056534954407,0.022492401216,0.017021276596,0.010942249240,0.041337386018
03/02/2020,2,0,0,2,1.0000,0.0040,498,0.144578313253,0.050200803213,0.006024096386,0.038152610442,0.028112449799,0.022088353414,0.020080321285,0.012048192771
04/02/2020,1,0,0,2,2.0000,0.0100,200,0.205000000000,0.015000000000,0.030000000000,0.020000000000,0.020000000000,0.005000000000,0.020000000000,0.005000000000
05/02/2020,5,0,0,14,2.8000,0.0064,2191,0.145595618435,0.050661798266,0.007759014149,0.036513007759,0.027841168416,0.017343678686,0.015518028298,0.012779552716
06/02/2020,3,0,0,3,1.0000,0.0034,883,0.178935447339,0.055492638732,0E-12,0.045300113250,0.023782559456,0.023782559456,0.019252548131,0.009060022650
07/02/2020,2,0,0,3,1.5000,0.0023,1312,0.152439024375,0.039634146341,0.006859756098,0.019054878049,0.033536585366,0.012195121951,0.022103658537,0.009146341463
08/02/2020,1,0,0,2,2.0000,0.0050,402,0.181592039801,0.052238805970,0.004975124378,0.029850746269,0.042288557214,0.017412935323,0.034825870647,0.012437810945
09/02/2020,3,0,0,5,1.6667,0.0014,3513,0.062339880441,0.039851978366,0.005693139767,0.030742954740,0.031312268716,0.012240250498,0.015371477370,0.009962994592
10/02/2020,3,0,0,28,9.3333,0.0028,10093,0.017437828197,0.013078371147,0.008025364114,0.011493114038,0.010502328345,0.011096799761,0.011096799761,0.010502328345
11/02/2020,26,0,0,107,4.1154,0.0063,17054,0.113756303499,0.040752902545,0.005453266096,0.030667292131,0.023044447051,0.014952503811,0.015011141081,0.008678315938
12/02/2020,107,0,0,353,3.2991,0.0051,69590,0.115878718201,0.038496910475,0.006394596925,0.029257077166,0.023164247737,0.016295444748,0.014283661445,0.009843368300
13/02/2020,145,0,0,415,2.8621,0.0051,80847,0.134352542449,0.041003376749,0.005108414660,0.030885499771,0.027595334397,0.015733422390,0.014533625243,0.008843865573
14/02/2020,134,0,0,561,4.1866,0.0061,92373,0.111915819551,0.039459582345,0.006268065344,0.030376841718,0.026501250365,0.020092451257,0.016238511253,0.009808060797
15/02/2020,65,0,0,369,5.6769,0.0078,47568,0.105112680788,0.033320719811,0.005465859401,0.028044063236,0.022115708039,0.016754961318,0.013958964009,0.010195930037
16/02/2020,62,0,0,389,6.2742,0.0086,45092,0.106249445573,0.033753215648,0.004812383571,0.028186818061,0.022886543067,0.015945178745,0.013106537745,0.011598509713
17/02/2020,87,0,0,350,4.0230,0.0061,57097,0.112615373831,0.039161427045,0.004431055922,0.029931520045,0.026025885773,0.015482424646,0.016918577158,0.008634429129
18/02/2020,115,0,0,362,3.1478,0.0053,68791,0.134639705767,0.048451105522,0.005233242721,0.033158407350,0.030527249204,0.017560436685,0.016106758152,0.009739646175
19/02/2020,88,0,0,317,3.6023,0.0068,46739,0.142129698960,0.045272684482,0.005455829179,0.034382421532,0.029568454610,0.017137722245,0.014741436488,0.008622349644
20/02/2020,93,0,0,294,3.1613,0.0055,53481,0.132420859738,0.042875039734,0.006675267852,0.029917166844,0.027168527140,0.015594323218,0.018118584170,0.009405209327
21/02/2020,107,0,0,393,3.6729,0.0057,68384,0.117995437522,0.036119560131,0.005001169864,0.027974379972,0.023192559663,0.015632311652,0.015252105756,0.008700865699
22/02/2020,57,0,0,466,8.1754,0.0097,48002,0.093912753629,0.032436148493,0.004353985251,0.025248947960,0.020936627640,0.014311903670,0.013645264780,0.009020457481
23/02/2020,98,0,0,615,6.2755,0.0078,78964,0.092105263153,0.028012765310,0.005559495466,0.024327541664,0.019667190112,0.012879286763,0.014436958614,0.008016311230
24/02/2020,152,0,0,608,4.0000,0.0064,95526,0.129011996727,0.044218327994,0.004888721395,0.034231518121,0.027667860059,0.016759835019,0.018539455227,0.009316835207
25/02/2020,198,0,0,749,3.7828,0.0056,133816,0.111825192797,0.038410952352,0.005141388175,0.030639086507,0.025124050935,0.014706761523,0.016291026484,0.009386022598
26/02/2020,253,0,0,1025,4.0514,0.0061,166772,0.114239800440,0.039311155350,0.006182092917,0.031893843091,0.025447916916,0.015692082604,0.016063847648,0.009024296644
27/02/2020,302,0,0,1325,4.3874,0.0062,214148,0.113655042300,0.043171077946,0.006262024394,0.034065225918,0.027205484058,0.017137680483,0.017371163868,0.010086482246
28/02/2020,281,0,0,843,3.0000,0.0051,163755,0.123733626447,0.045274953436,0.005673109218,0.034972977924,0.029232695185,0.017617782663,0.018057463894,0.010759976795
29/02/2020,207,0,0,805,3.8889,0.0061,133006,0.103732162454,0.038035878080,0.006360615311,0.031547448987,0.023983880426,0.015578244590,0.016886456250,0.009864216652
01/03/2020,118,0,0,433,3.6695,0.0065,66371,0.129921200517,0.046857814407,0.006780069609,0.038586129484,0.030224043634,0.018893793976,0.018065118802,0.009175694204
02/03/2020,285,3,3,1055,3.7018,0.0053,200615,0.114014405695,0.043067567231,0.006230840166,0.033950601899,0.028273060339,0.017934850335,0.017506168532,0.009789896069
03/03/2020,329,1,4,889,2.7021,0.0043,208634,0.121394403591,0.042461918958,0.006926004390,0.033278372652,0.027080916821,0.016962719403,0.017303028270,0.010520816358
04/03/2020,330,0,4,845,2.5606,0.0042,203248,0.117521451620,0.043434621743,0.006155042116,0.031744469810,0.025830512477,0.017249862237,0.017358104385,0.011084979926
05/03/2020,389,3,7,1195,3.0720,0.0049,246144,0.119584470872,0.045826833073,0.006581513261,0.034760140405,0.029108976859,0.018387610504,0.018676059542,0.009912896516
06/03/2020,354,2,9,1076,3.0395,0.0046,235822,0.114073326486,0.042727141657,0.005232760302,0.032893453537,0.026511521402,0.017623461763,0.017508968629,0.010100838768
07/03/2020,262,7,16,657,2.5076,0.0049,134576,0.131234395430,0.044792533587,0.006487040780,0.035452086553,0.027790987992,0.017365652122,0.018547140649,0.009667399833
08/03/2020,162,3,19,621,3.8333,0.0053,117437,0.102821087046,0.035389187394,0.005807369057,0.027768079906,0.023825540502,0.015412519053,0.016340676277,0.009792484481
09/03/2020,354,6,25,978,2.7627,0.0044,222132,0.120518430477,0.043649721787,0.005586768228,0.034659571786,0.028757675616,0.018889669206,0.019123764248,0.009701438784
10/03/2020,418,8,33,1040,2.4880,0.0038,277170,0.114622794669,0.042515423747,0.005971064690,0.033189017570,0.028033336941,0.018887325468,0.018595086048,0.010087671826
11/03/2020,484,15,48,1169,2.4153,0.0040,290631,0.123224982876,0.045704002670,0.005921598178,0.034163595762,0.029260471182,0.019526478593,0.018920899697,0.010401505689
12/03/2020,652,13,61,1391,2.1334,0.0036,388979,0.123680198668,0.045174675239,0.005810082292,0.034690818784,0.028615940706,0.019330092370,0.019597458989,0.009237002512
13/03/2020,761,18,79,1444,1.8975,0.0033,431152,0.126282610303,0.044007681745,0.006663543252,0.033577485434,0.028344992021,0.018656993357,0.020071807622,0.009258915649
14/03/2020,752,12,91,1198,1.5931,0.0030,397295,0.126316716792,0.040252205540,0.008175285367,0.030516366931,0.026791175323,0.017722347374,0.020445764482,0.009504272644
15/03/2020,567,36,127,1068,1.8836,0.0033,320532,0.120246964416,0.039999126452,0.006560967392,0.030050041805,0.026303146020,0.019632985162,0.020222629878,0.011125254265
16/03/2020,885,21,148,1429,1.6147,0.0029,491767,0.127546175317,0.044031014688,0.006515280611,0.033221017270,0.028745320446,0.021105523551,0.021611860902,0.010862867984
17/03/2020,1123,27,175,1933,1.7213,0.0031,621709,0.129427111392,0.044133187713,0.006509476298,0.033684569469,0.027953592436,0.020717087898,0.019890334546,0.010133358211
18/03/2020,1298,89,264,2378,1.8320,0.0035,685610,0.133212759434,0.045422324645,0.006445355231,0.034179781508,0.028112192062,0.019435247444,0.018825571389,0.010125289888
19/03/2020,1290,108,372,2623,2.0333,0.0036,735075,0.126377580513,0.045015814712,0.006452402816,0.034831819882,0.028544026120,0.019629289528,0.019961228446,0.010390776451
20/03/2020,1219,78,450,2717,2.2289,0.0041,669367,0.131428648254,0.044836390201,0.006516604493,0.034166608153,0.027676894738,0.019727593383,0.018744575099,0.010109551263
21/03/2020,865,112,562,2132,2.4647,0.0047,457612,0.129666617129,0.044024195169,0.006343802173,0.034424359501,0.027442462173,0.019575535607,0.018528797322,0.010500161709
22/03/2020,646,112,674,1948,3.0155,0.0053,367267,0.119550626650,0.041710798955,0.006319653004,0.032918830170,0.026928637748,0.019860210691,0.018041370447,0.010918487095
23/03/2020,1250,186,860,3312,2.6496,0.0046,715682,0.125041568735,0.043276203677,0.006254174340,0.033384939121,0.027037147783,0.019286498752,0.018713618618,0.010188882772
24/03/2020,1329,240,1100,3699,2.7833,0.0048,768371,0.125751752727,0.041931566912,0.006051764057,0.031571988011,0.026342743284,0.017904111425,0.018439009281,0.009395201016
25/03/2020,1455,231,1331,3861,2.6536,0.0048,812706,0.127102543841,0.043921171986,0.006109220308,0.033757594997,0.028043351470,0.019801748726,0.018811230629,0.010164807446
26/03/2020,1509,365,1696,4244,2.8125,0.0046,922572,0.122280971018,0.043196628555,0.005917153350,0.033342655099,0.027166443378,0.019582211470,0.018947030692,0.009654531028
27/03/2020,1457,299,1995,4017,2.7570,0.0048,837678,0.129944919163,0.044592313514,0.006195698108,0.034484611032,0.027840053099,0.019709243886,0.018813911789,0.009921473406
28/03/2020,910,319,2314,3103,3.4099,0.0062,502711,0.127389295236,0.043269393349,0.006126780596,0.033530199259,0.026303383057,0.018392277074,0.018314697709,0.009647690224
29/03/2020,770,292,2606,2844,3.6935,0.0064,447710,0.123950771699,0.044305465591,0.006464005718,0.034464273748,0.027973464966,0.020267583927,0.018016126510,0.010564874584
30/03/2020,1301,418,3024,3644,2.8009,0.0046,787497,0.122423323511,0.043101116575,0.006096531161,0.033173459708,0.026944864552,0.019366422983,0.018233720255,0.009866704254
31/03/2020,1332,499,3523,3439,2.5818,0.0043,795950,0.125193793574,0.044054274766,0.006524279163,0.033830014448,0.028020604309,0.019537659401,0.018824046737,0.010187825868
01/04/2020,1502,509,4032,4022,2.6778,0.0048,842342,0.128077431726,0.044384584883,0.006197007866,0.033301200700,0.027779690434,0.019094382092,0.018709740224,0.009721704486
02/04/2020,1506,471,4503,4596,3.0518,0.0050,917712,0.122887136699,0.043172585735,0.006067262932,0.033175985494,0.027826812769,0.019582396220,0.018495998745,0.010173126209
03/04/2020,1371,588,5091,3934,2.8694,0.0048,815680,0.127038789715,0.043957189094,0.006528295410,0.033687230286,0.027350186348,0.019665800314,0.018526873284,0.010203756375
04/04/2020,1752,441,5532,6050,3.4532,0.0066,915334,0.132062176205,0.043752335213,0.006723228898,0.033292765264,0.027069900168,0.018679520263,0.018133271571,0.009911136263
05/04/2020,687,357,5889,2538,3.6943,0.0066,385523,0.123569799980,0.042811972307,0.007039787509,0.032369015597,0.027007467777,0.019319210527,0.017928891402,0.010531148595
06/04/2020,1169,605,6494,3629,3.1044,0.0051,711224,0.120153425638,0.042993487283,0.006224480614,0.033007884998,0.027254423360,0.019272409255,0.018572207912,0.010003880634
07/04/2020,1307,597,7091,4226,3.2334,0.0055,772715,0.125061633326,0.044070582297,0.006154921284,0.033911597419,0.027685498534,0.019087244327,0.018315937959,0.010091689692
08/04/2020,1336,541,7632,3668,2.7455,0.0047,787189,0.125560697616,0.042210955691,0.006361877516,0.032175246351,0.026824561827,0.018964949967,0.018169715278,0.009409430264
09/04/2020,1434,412,8044,3911,2.7273,0.0042,936554,0.112731353445,0.041864110345,0.006028483141,0.031808096490,0.026571879464,0.019412655330,0.018184749625,0.010214039981
10/04/2020,1225,554,8598,3994,3.2604,0.0055,725938,0.125463882584,0.043100099457,0.006178213566,0.033544186969,0.027467910483,0.019610490152,0.018573211486,0.009779072042
11/04/2020,771,345,8943,2843,3.6874,0.0060,470139,0.118771257005,0.041285662325,0.006400234824,0.031733168276,0.026566611151,0.018656184660,0.017881945552,0.010092759801
12/04/2020,592,310,9253,2212,3.7365,0.0069,318750,0.126892549014,0.041665882353,0.006886274510,0.032263529412,0.026974117647,0.018221176470,0.017047843137,0.010462745098
13/04/2020,670,335,9588,2582,3.8537,0.0061,423759,0.117073619669,0.041058714977,0.006671244741,0.031562751469,0.026038385025,0.018548278621,0.017479274776,0.010515410882
14/04/2020,1019,541,10129,2817,2.7645,0.0045,627544,0.123173833223,0.042057608709,0.006697538340,0.031331667580,0.026885764185,0.018282383387,0.017968461176,0.009361893349
15/04/2020,1284,514,10643,2856,2.2243,0.0039,726239,0.129355487650,0.043610987567,0.006614902257,0.032832166821,0.028308862509,0.019059841182,0.018495288741,0.009609784107
16/04/2020,1641,417,11060,4235,2.5807,0.0042,996687,0.119096566920,0.042072385814,0.006403213847,0.031670925777,0.027203123950,0.019367163412,0.018622696995,0.010058323225
17/04/2020,1599,418,11478,3753,2.3471,0.0040,930510,0.125133528919,0.042636833564,0.006443778143,0.031812661873,0.027190465444,0.019361425455,0.018407110079,0.009764537727
18/04/2020,1036,364,11842,2744,2.6486,0.0048,574127,0.125083822912,0.041607518894,0.006857367795,0.031250925318,0.026433175935,0.018539452072,0.018279927612,0.009834061105
19/04/2020,759,227,12069,2065,2.7207,0.0049,422802,0.121137080709,0.042665361091,0.007190126821,0.032592088022,0.027246796373,0.019429898629,0.018784206319,0.010775729538
20/04/2020,1389,444,12513,3019,2.1735,0.0036,841681,0.121396348492,0.041377909208,0.007071562742,0.030964225164,0.026957956755,0.018831362476,0.018369192129,0.010142797568
21/04/2020,1493,387,12900,2985,1.9993,0.0034,868353,0.125550323422,0.042898452588,0.006870477790,0.031307544282,0.027476153131,0.018927786280,0.018635278510,0.009695365825
22/04/2020,1591,336,13236,3044,1.9133,0.0035,876258,0.126570028456,0.042210170977,0.006903218002,0.030669049526,0.026884775945,0.018796975320,0.018556178660,0.009759682651
23/04/2020,1662,311,13547,3542,2.1312,0.0036,995814,0.120739415186,0.042759993332,0.006876786227,0.031466719688,0.027629657747,0.019386150426,0.018831830041,0.009940611399
24/04/2020,1460,305,13852,2862,1.9603,0.0034,845155,0.124717951139,0.041562790257,0.006962036550,0.030925688187,0.025923055534,0.018673497761,0.018751589945,0.009670415486
25/04/2020,967,198,14050,2463,2.5471,0.0047,526301,0.125950739210,0.040873948558,0.007569812712,0.029944841450,0.025230808986,0.018219611971,0.017486191362,0.010503495148
26/04/2020,723,152,14202,1948,2.6943,0.0049,396802,0.123724174772,0.041869748640,0.007610848736,0.030468596428,0.025456020887,0.018308879491,0.017683882642,0.010594704664
27/04/2020,1336,295,14497,2817,2.1085,0.0036,791568,0.123375376462,0.040931417136,0.007083409132,0.030722565844,0.025975026782,0.018713490187,0.018367341782,0.009803327067
28/04/2020,1348,313,14810,2711,2.0111,0.0033,826663,0.118083185040,0.039555417383,0.007094789533,0.029469082322,0.025798904753,0.018400484841,0.018031531591,0.009416170798
29/04/2020,1393,243,15053,2869,2.0596,0.0034,834302,0.118832269364,0.040771806851,0.007293522010,0.030319956083,0.026985432134,0.018524467159,0.018297930486,0.009277216164
30/04/2020,1545,191,15244,2827,1.8298,0.0031,919913,0.123510592843,0.042240951046,0.007350695120,0.031657341509,0.027174308875,0.019412705332,0.019002883968,0.009472634912
01/05/2020,345,125,15369,1087,3.1507,0.0036,300465,0.095255687012,0.039312399114,0.007358594179,0.029777178706,0.026505583013,0.020405038856,0.017745827301,0.010244121611
02/05/2020,856,118,15487,1880,2.1963,0.0044,431299,0.133795812181,0.042988738671,0.007783463444,0.032188806373,0.027071706635,0.019253464534,0.018898722232,0.010085810540
03/05/2020,695,96,15583,1992,2.8662,0.0052,379556,0.125762733293,0.042225653131,0.007456080262,0.032092761015,0.026209571183,0.019109169661,0.018937916934,0.010006428564
04/05/2020,1203,243,15826,2593,2.1554,0.0035,745557,0.120056548319,0.040210205256,0.007288510469,0.030447034901,0.025627819201,0.018658533150,0.018366134313,0.009372858145
05/05/2020,1270,234,16060,2515,1.9803,0.0034,748421,0.124687842799,0.041017021168,0.007324754383,0.030545642092,0.026018778201,0.018806260113,0.018346625763,0.009556118815
06/05/2020,1380,177,16237,2560,1.8551,0.0032,804514,0.124881605534,0.041806606224,0.006950780223,0.031285968920,0.026491770187,0.018813842891,0.018740506691,0.009487715565
07/05/2020,1472,149,16386,3015,2.0482,0.0032,929986,0.118281350466,0.042012460402,0.007111935018,0.031492947205,0.026970298477,0.019195987897,0.018563720314,0.009968967275
08/05/2020,891,111,16497,1938,2.1751,0.0037,530022,0.119632769955,0.041173762598,0.007405352985,0.030272328318,0.025963073231,0.018993551211,0.017653984174,0.010125994770
09/05/2020,752,76,16573,1751,2.3285,0.0041,422316,0.124342909096,0.041154017370,0.008420235085,0.031189914661,0.026634084429,0.018467214124,0.018263575143,0.010118015893
10/05/2020,580,69,16642,1741,3.0017,0.0050,345899,0.116054108275,0.039332290639,0.008248072414,0.029716767033,0.024969716593,0.018279902515,0.017444398509,0.009971118737
11/05/2020,1107,178,16820,2265,2.0461,0.0036,630298,0.125305807723,0.042005527544,0.007190249691,0.031096402019,0.026587423726,0.019106835179,0.018592792616,0.009674788751
12/05/2020,1091,183,17003,2142,1.9633,0.0033,655388,0.123117908775,0.040940633640,0.007256770035,0.030308763663,0.026555261921,0.018918564270,0.018183122059,0.009913211716
13/05/2020,1232,98,17101,2441,1.9813,0.0033,728806,0.121620842852,0.041902783456,0.007453286609,0.031724491840,0.026532437987,0.019298688540,0.018651053916,0.009628076607
14/05/2020,1341,123,17224,2552,1.9031,0.0029,876218,0.115516914734,0.042278291475,0.006994834619,0.031671342063,0.026354172135,0.019481453246,0.019274883648,0.009890232796
15/05/2020,1195,118,17342,2807,2.3490,0.0040,708560,0.121353166980,0.040730495653,0.007767867224,0.030190809529,0.025965338150,0.018749294343,0.018393643446,0.009704188777
16/05/2020,692,70,17412,1916,2.7688,0.0049,390144,0.123313443235,0.039400836614,0.007986794619,0.029750553642,0.025311167159,0.018718729495,0.018631582185,0.009924540682
17/05/2020,552,54,17466,1519,2.7518,0.0048,314377,0.121001218278,0.040518231295,0.007805914555,0.030177144002,0.025348546490,0.019708820938,0.018016585183,0.010942276311
18/05/2020,1176,123,17589,2023,1.7202,0.0029,696682,0.123133653511,0.040114428103,0.007455338304,0.030096945235,0.025466425141,0.019502441573,0.019169434548,0.009773469101
19/05/2020,1198,125,17714,2126,1.7746,0.0032,674804,0.127597050397,0.041917356743,0.006641928619,0.030939354242,0.027033034777,0.019583464235,0.018712100106,0.010300768816
20/05/2020,1424,98,17812,2332,1.6376,0.0031,759607,0.133787603320,0.043098602303,0.007031267484,0.032075797090,0.027131134916,0.020363161477,0.018976918327,0.010055199597
21/05/2020,878,58,17870,1885,2.1469,0.0040,467775,0.132078456517,0.041616161616,0.007693869916,0.030636523970,0.026549088771,0.019269948159,0.018748329859,0.010530703864
22/05/2020,1013,74,17944,2095,2.0681,0.0038,558098,0.125320284245,0.043472651756,0.006964726625,0.032734394318,0.027312407498,0.021257915276,0.019161509269,0.010951481639
23/05/2020,758,43,17987,1741,2.2968,0.0043,407861,0.131942009649,0.041820620260,0.007669279485,0.031743657766,0.027242124155,0.020529052790,0.020247093985,0.011006200642
24/05/2020,591,35,18022,1438,2.4332,0.0041,350440,0.120385800702,0.042084236959,0.007556215044,0.033255336148,0.026717840429,0.021073507590,0.019130236274,0.011451318343
25/05/2020,937,90,18112,1700,1.8143,0.0031,551835,0.126561381566,0.040716880952,0.007181494468,0.030799061314,0.025270234762,0.019772214521,0.018701242219,0.009865267698
26/05/2020,1047,148,18260,1875,1.7908,0.0031,601800,0.127819873706,0.041781322698,0.007236623463,0.031015287471,0.026166500498,0.020106347624,0.018818544367,0.010013293453
27/05/2020,1136,0,18260,1728,1.5211,0.0027,650619,0.127141998613,0.042268977696,0.006936471268,0.031649859595,0.026373345998,0.020712582940,0.019240139006,0.009873674147
28/05/2020,1231,66,18326,1966,1.5971,0.0027,735078,0.121882303640,0.041581981776,0.007072718814,0.031115065340,0.025952347914,0.021075314456,0.019060562280,0.010069679680
29/05/2020,974,61,18387,1752,1.7988,0.0030,588311,0.126409331112,0.042055987394,0.007261465449,0.031588734530,0.027390274872,0.019980928454,0.018111169092,0.010035508430
30/05/2020,676,57,18444,1505,2.2263,0.0043,347232,0.130062897423,0.039849437840,0.007859298682,0.029905077873,0.025118652659,0.018466039996,0.018391162105,0.009486452861
31/05/2020,499,31,18475,1239,2.4830,0.0046,266655,0.124321689069,0.038184170557,0.008134105867,0.029300031876,0.024616076953,0.018248298363,0.018578312801,0.009956685605
01/06/2020,710,31,18506,1230,1.7324,0.0030,409975,0.122873345930,0.042995304591,0.007463869748,0.032719068236,0.027652905665,0.020967132142,0.020089029819,0.010137203488
02/06/2020,877,84,18590,1737,1.9806,0.0037,473581,0.129217599518,0.041101733389,0.007130775939,0.030816270078,0.025497222228,0.019681955146,0.018598719121,0.009977173915
03/06/2020,921,81,18671,1493,1.6211,0.0030,495468,0.132159897303,0.040817974117,0.007150814987,0.030768889212,0.026050118272,0.020031566115,0.019123333898,0.009782670122
04/06/2020,1149,44,18715,1720,1.4970,0.0026,673587,0.126446917763,0.042690847656,0.007134935799,0.032279423445,0.026866611143,0.021186572781,0.019654476705,0.010132321437
05/06/2020,928,46,18761,1619,1.7446,0.0029,549044,0.125572813830,0.040703477317,0.007279926563,0.030312688965,0.026234691573,0.019745229890,0.018750774073,0.010219581673
06/06/2020,579,31,18792,1153,1.9914,0.0038,301907,0.131003918420,0.040264054825,0.008174702806,0.030386840981,0.025931826688,0.018995915961,0.019221150884,0.009764596382
07/06/2020,460,13,18805,827,1.7978,0.0033,252885,0.118785218573,0.039776973723,0.008229036914,0.029661703936,0.024975779504,0.019388259485,0.018787195761,0.009866144690
08/06/2020,900,54,18859,1453,1.6144,0.0029,499830,0.132593081642,0.041400076026,0.007514554949,0.031466698677,0.026507012384,0.019748714563,0.019210531581,0.009231138587
09/06/2020,976,53,18912,1546,1.5840,0.0029,540906,0.136482124429,0.041228975090,0.007491135243,0.031192111014,0.027098978381,0.019544985635,0.019260278126,0.009234506550
10/06/2020,990,23,18935,1440,1.4545,0.0028,522072,0.134322468925,0.041461714093,0.007322744756,0.031058934400,0.026921574036,0.020717448934,0.019792289186,0.009360777824
11/06/2020,1057,27,18962,1742,1.6481,0.0028,629558,0.123923451050,0.041457657594,0.007240000127,0.031447459964,0.027355700348,0.020188767357,0.019327845885,0.009735401663
12/06/2020,976,28,18990,1400,1.4344,0.0025,550906,0.132127804011,0.041448087332,0.006776110625,0.032099850065,0.027158898251,0.019841860499,0.020066944270,0.009277444791
13/06/2020,638,24,19014,1074,1.6834,0.0035,308939,0.142817837820,0.041315599520,0.007619627176,0.030798960313,0.026390323009,0.020654562875,0.020046028504,0.009526152412
14/06/2020,487,9,19023,1061,2.1786,0.0041,257788,0.129206945236,0.038779927692,0.008452682049,0.030013033966,0.025552003972,0.019504398963,0.018910888016,0.010198302481
15/06/2020,889,29,19052,1322,1.4871,0.0027,485333,0.130850364589,0.038833131066,0.007633933815,0.029252080530,0.025094110641,0.019357842965,0.019162101073,0.008789841202
16/06/2020,796,38,19090,1571,1.9736,0.0034,462800,0.130978824539,0.040682800346,0.007229904927,0.030769230769,0.026205704408,0.019003889369,0.018515557476,0.009016853933
17/06/2020,1070,28,19118,1692,1.5813,0.0030,567965,0.135587580214,0.040072891815,0.007100789661,0.031126918032,0.026241053586,0.019948412314,0.020520630673,0.009248809346
18/06/2020,1021,28,19146,1553,1.5211,0.0026,588879,0.129211603735,0.043017326140,0.006960682925,0.031959027236,0.027752730187,0.020939785593,0.019785049221,0.010002054751
19/06/2020,847,14,19160,1109,1.3093,0.0024,455370,0.133460702280,0.041704547950,0.007079956958,0.031067044381,0.027054922371,0.020745767178,0.019731207589,0.010204888333
20/06/2020,583,16,19176,1086,1.8628,0.0036,298624,0.132979934628,0.040254634590,0.007578091513,0.030884992499,0.026970370767,0.020209360266,0.019884537077,0.009945617231
21/06/2020,441,7,19183,813,1.8435,0.0036,228320,0.139076734402,0.039041695865,0.008163980378,0.029366678346,0.025604414856,0.019963209530,0.018955851436,0.009368430273
22/06/2020,789,23,19206,970,1.2294,0.0023,421947,0.133725325686,0.040872431846,0.007455912709,0.031117652217,0.026299511550,0.021194605010,0.020241878719,0.010224032876
23/06/2020,858,26,19232,1048,1.2214,0.0023,465690,0.133829371464,0.040898451760,0.007127058773,0.030019970366,0.026214863965,0.020350447723,0.019377697610,0.010081814082
24/06/2020,1059,11,19243,1305,1.2323,0.0022,592548,0.130851846595,0.040428792266,0.006873704746,0.030731687559,0.026397861439,0.020658242033,0.020207645625,0.009717356231
25/06/2020,1119,21,19264,1605,1.4343,0.0025,642718,0.125313123323,0.040213592897,0.006957950454,0.030204537604,0.026106317234,0.021320392458,0.019546675214,0.010198874156
26/06/2020,996,26,19290,1167,1.1717,0.0022,531397,0.135570957301,0.043048794028,0.006767068689,0.033950135210,0.027318558441,0.021902645292,0.021541333504,0.010391477558
27/06/2020,626,0,19290,811,1.2955,0.0027,297045,0.139850864342,0.038808934673,0.007928091703,0.029123533471,0.025373259944,0.020744331667,0.021320002020,0.010385631807
28/06/2020,395,0,19290,694,1.7570,0.0039,178373,0.151480324931,0.041693529850,0.007859933959,0.031607922724,0.028182516412,0.022862204482,0.022480980866,0.011403071093
29/06/2020,689,35,19325,895,1.2990,0.0023,389470,0.131019077201,0.040326597684,0.006593575885,0.030110149691,0.026746604360,0.021115875420,0.020227488638,0.010180501707
30/06/2020,771,21,19346,850,1.1025,0.0021,414264,0.135674352580,0.039752428403,0.007005194755,0.029399127127,0.026031709248,0.019861730684,0.019106173841,0.009554293880
01/07/2020,1021,18,19364,1253,1.2272,0.0022,564648,0.133224593014,0.042074000085,0.007046868137,0.031318626826,0.027316133237,0.020759836217,0.019484705516,0.010096555730
02/07/2020,938,14,19378,1166,1.2431,0.0022,526427,0.127725211656,0.040374068959,0.007495816134,0.030338489477,0.026113782158,0.020160440099,0.019590560515,0.009765836479
03/07/2020,801,18,19396,985,1.2297,0.0022,451853,0.128327132933,0.040088258792,0.007367440296,0.030337299962,0.025950917666,0.019933473939,0.019880359320,0.010020958143
04/07/2020,572,0,19388,652,1.1399,0.0023,277597,0.138906400280,0.042111406103,0.008764503939,0.032010432389,0.027352601073,0.020767515499,0.020717082677,0.010572880831
05/07/2020,382,2,19390,613,1.6047,0.0033,186967,0.135617515386,0.041039327796,0.009135301952,0.029743216717,0.026309455679,0.020265608369,0.019698663400,0.010060598929
06/07/2020,745,33,19423,1316,1.7664,0.0031,429348,0.127404809146,0.040556844331,0.006828959259,0.030425202866,0.026235128613,0.019319992174,0.019965156470,0.009658831531
07/07/2020,788,34,19457,1211,1.5368,0.0028,438714,0.127520434719,0.039394685376,0.007025077841,0.029716398382,0.025390117480,0.019301868643,0.018157615212,0.009359172490
08/07/2020,829,32,19489,1121,1.3522,0.0024,463293,0.127172221460,0.039918582840,0.006986939151,0.029523433335,0.025644678422,0.019339813034,0.019139076135,0.009611628063
09/07/2020,869,14,19503,1124,1.2934,0.0023,494636,0.125773295913,0.039327909816,0.007191146621,0.030466848349,0.026308234742,0.018730945584,0.018920984320,0.009136011127
10/07/2020,832,25,19528,974,1.1707,0.0022,434570,0.136334767695,0.040235175000,0.007358998550,0.030736129968,0.026999102561,0.019278827347,0.018929056308,0.009485238281
11/07/2020,507,0,19514,694,1.3688,0.0028,251656,0.136877324596,0.039661283657,0.007947356709,0.029464824999,0.025801093556,0.018874972184,0.019697523604,0.009735511969
12/07/2020,334,1,19515,601,1.7994,0.0032,187264,0.124498034855,0.036189550581,0.007401315789,0.027560022214,0.023496240601,0.019512559808,0.017766361927,0.009104793233
13/07/2020,685,38,19553,1271,1.8555,0.0034,368964,0.131281100589,0.040648952201,0.007214796023,0.030634425039,0.026428052601,0.020129335111,0.018790451101,0.009412842445
14/07/2020,589,0,19539,983,1.6689,0.0031,312576,0.131788748971,0.039663953726,0.007556562244,0.030440596847,0.025868908681,0.019649621212,0.019006577600,0.009348126536
15/07/2020,762,40,19579,899,1.1798,0.0023,388024,0.136403933771,0.039889285199,0.007533039193,0.029817743232,0.025202049358,0.019429210564,0.019014287776,0.009014906294
16/07/2020,825,18,19597,1118,1.3552,0.0024,457184,0.129085882264,0.040865384615,0.007434643382,0.030379453349,0.025972037517,0.019703226710,0.019106092952,0.009554140127
17/07/2020,735,14,19611,975,1.3265,0.0024,412746,0.130964321876,0.039799295450,0.007096374041,0.029986965349,0.025415146361,0.019551976276,0.018873592960,0.009097604822
18/07/2020,442,0,19599,729,1.6493,0.0031,233669,0.130359611239,0.040026704441,0.007425032846,0.030573161181,0.026045388990,0.020456286456,0.019287967167,0.010009885778
19/07/2020,333,1,19600,580,1.7417,0.0033,177956,0.131987682343,0.037711569152,0.008282946346,0.028810492481,0.024719593607,0.017813392074,0.018661916429,0.009856368990
20/07/2020,637,36,19636,892,1.4003,0.0026,340537,0.132655188711,0.040483119308,0.007030073090,0.029891025057,0.026311384666,0.018605907728,0.018699876959,0.009355811556
21/07/2020,760,13,19649,1104,1.4526,0.0029,375847,0.141201073835,0.040324919448,0.006630357566,0.029251264477,0.026329862950,0.018986449273,0.019090214901,0.008556673327
22/07/2020,728,7,19656,1000,1.3736,0.0026,384471,0.135882810401,0.040754699314,0.007092862661,0.030405414192,0.026589781804,0.020113350552,0.019218614668,0.008973368603
23/07/2020,797,10,19666,1255,1.5747,0.0025,510685,0.117516668782,0.038657881081,0.006974945416,0.029029636664,0.026041493288,0.018774782890,0.018737577959,0.009066254149
24/07/2020,660,10,19676,766,1.1606,0.0022,350116,0.136260553639,0.042414514047,0.007283300392,0.031578105542,0.026859669367,0.020433227844,0.019710610198,0.009128403158
25/07/2020,468,0,19664,819,1.7500,0.0035,236828,0.131935413037,0.036515952505,0.007570895333,0.027796544327,0.023713412265,0.017151688145,0.018409985306,0.008656071073
26/07/2020,331,1,19665,461,1.3927,0.0026,178630,0.128992890326,0.037832390976,0.007675082573,0.028864132564,0.023635447573,0.019722331075,0.018686670772,0.008973856575
27/07/2020,669,28,19693,835,1.2481,0.0022,373349,0.128943696106,0.039992071761,0.007376476166,0.030346940798,0.026080155565,0.019303654222,0.018317981299,0.008940696239
28/07/2020,710,15,19708,829,1.1676,0.0022,383268,0.130201321263,0.039090140580,0.008127472160,0.028713589446,0.026018347475,0.018094388261,0.018347474874,0.008727574439
29/07/2020,822,15,19723,922,1.1217,0.0023,402245,0.143827766653,0.040631953163,0.007483001653,0.029825106589,0.026113438327,0.018038757474,0.018767169263,0.007855908712
30/07/2020,893,16,19739,944,1.0571,0.0018,535473,0.119087236886,0.038606988587,0.006700617958,0.027838938658,0.025472806285,0.017829096892,0.017388365053,0.008676441202
31/07/2020,862,11,19750,914,1.0603,0.0019,469805,0.135139047045,0.043217930843,0.007273230383,0.031251263822,0.028720426560,0.019708176797,0.019963601920,0.008601441023
01/08/2020,490,0,19736,571,1.1653,0.0021,269217,0.126986780176,0.036743593458,0.007410378988,0.027368256833,0.023267475679,0.017510038370,0.017718049009,0.008996460105
02/08/2020,278,1,19737,541,1.9460,0.0033,164289,0.122588852565,0.035011473683,0.007882451047,0.026362081454,0.022789109435,0.016379672406,0.018090072981,0.008868518282
03/08/2020,595,42,19779,978,1.6437,0.0030,322725,0.131957548991,0.040034084747,0.007201177473,0.029898520412,0.026019056472,0.018557595476,0.018796188705,0.009144008056
04/08/2020,689,11,19790,894,1.2975,0.0024,366472,0.128932087576,0.040065816761,0.007596760462,0.029609356240,0.025614508066,0.017485646925,0.018339736733,0.009220349713
05/08/2020,690,9,19799,867,1.2565,0.0027,323594,0.148896456665,0.044265344846,0.007441423512,0.032766367732,0.029150725910,0.020411379692,0.019790230968,0.009298689098
06/08/2020,629,7,19806,1124,1.7870,0.0032,347299,0.130037806034,0.043354573436,0.007613036605,0.032361164299,0.027860719438,0.021125888643,0.019268699305,0.010244774675
07/08/2020,561,12,19818,867,1.5455,0.0029,301822,0.131117015983,0.042627773986,0.007494483504,0.031160750376,0.027486399268,0.020492210641,0.019147046935,0.009813731272
08/08/2020,337,0,19800,526,1.5608,0.0031,169900,0.130965273685,0.039152442613,0.007598587404,0.029470276633,0.024596821660,0.018516774573,0.020370806357,0.009711595056
09/08/2020,238,0,19800,515,2.1639,0.0042,121286,0.138960803385,0.042692478934,0.008550038751,0.032658344739,0.025575911482,0.020843296011,0.018979931732,0.010405158056
10/08/2020,498,34,19834,711,1.4277,0.0028,257776,0.139396219967,0.041823133263,0.007184532307,0.032260567314,0.026701477252,0.020203587611,0.018989355099,0.009566445286
11/08/2020,561,15,19849,632,1.1266,0.0021,300659,0.137917042224,0.043384698279,0.007337215916,0.032062901826,0.026268962512,0.021303203962,0.018991615085,0.009911560938
12/08/2020,576,17,19866,733,1.2726,0.0024,304875,0.140759327587,0.042892988930,0.006901189012,0.031176711767,0.026223862239,0.019480114801,0.018328823288,0.009538335383
13/08/2020,589,17,19883,712,1.2088,0.0024,300884,0.143756397808,0.043289108095,0.007484612010,0.031483894125,0.027292910225,0.019881416094,0.019333031999,0.009458794751
14/08/2020,538,18,19901,696,1.2937,0.0026,268243,0.141632773263,0.042125982784,0.006941467252,0.030427634645,0.025640930052,0.018714374653,0.018367674087,0.009021670649
15/08/2020,301,3,19904,334,1.1096,0.0023,142338,0.139470837015,0.040727001925,0.008212845480,0.031467352358,0.025369191642,0.018568477848,0.020507524343,0.009329904874
16/08/2020,267,1,19905,339,1.2697,0.0025,137776,0.132824294501,0.040028742306,0.008063813727,0.030607653002,0.025773719661,0.018043781210,0.019408314946,0.010052549065
17/08/2020,506,19,19924,794,1.5692,0.0030,266307,0.139831097186,0.040855103320,0.006973155043,0.030307126737,0.025602030739,0.019222175910,0.018752792829,0.009406436932
18/08/2020,572,16,19940,807,1.4108,0.0027,299791,0.133579727204,0.042452908860,0.006701335264,0.030861500178,0.026174901848,0.019647020758,0.019190035725,0.009683412778
19/08/2020,535,17,19957,728,1.3607,0.0025,290430,0.133956547182,0.041534965396,0.006724511931,0.029810969941,0.025376166374,0.018424405192,0.019051062218,0.009300003443
20/08/2020,562,12,19969,808,1.4377,0.0025,322428,0.127991365508,0.041013807733,0.007037230017,0.030422295830,0.026229111615,0.019132953714,0.018286253055,0.010166610840
21/08/2020,596,23,19992,755,1.2668,0.0023,327575,0.134698923904,0.041923223689,0.006972449057,0.030322826833,0.026412271999,0.018105777303,0.018731588186,0.010034343280
22/08/2020,354,9,20001,501,1.4153,0.0027,184043,0.127665817221,0.040952386127,0.007509114718,0.031253565743,0.025369071358,0.018229435512,0.018941225692,0.009769456051
23/08/2020,257,1,20002,506,1.9689,0.0037,138450,0.132091007578,0.040086673889,0.007923438064,0.031115926327,0.024629830264,0.018187071145,0.020086673889,0.010155290719
24/08/2020,608,15,20017,831,1.3668,0.0024,344236,0.129905065123,0.040754017592,0.007666252222,0.029991052650,0.024724317038,0.018862059750,0.018211343381,0.010181968185
25/08/2020,629,21,20038,727,1.1558,0.0023,313467,0.144672325948,0.041956569591,0.008019982965,0.031451476551,0.026060159443,0.019759655721,0.018668631786,0.010099946725
26/08/2020,669,0,20034,707,1.0568,0.0019,362889,0.128361565101,0.039171757755,0.007721369344,0.028821485358,0.023902625872,0.018942431432,0.018482235615,0.009914877552
27/08/2020,664,36,20070,676,1.0181,0.0017,403897,0.125378499957,0.039772516260,0.007373166921,0.029393632535,0.024981616600,0.018725070996,0.018059059612,0.009398435740
28/08/2020,675,19,20089,694,1.0281,0.0018,394340,0.132606380273,0.041215702186,0.007120758736,0.033869249886,0.026023228686,0.019924430694,0.020033473652,0.010250038038
29/08/2020,396,6,20095,482,1.2172,0.0022,216655,0.129791604157,0.041180678959,0.007888117052,0.029720061849,0.024532090189,0.020031847869,0.019321040364,0.010786734670
30/08/2020,242,4,20099,359,1.4835,0.0023,153587,0.116878381628,0.039664815381,0.007962913528,0.029247267021,0.024077558647,0.019519881240,0.018347907049,0.010970980617
31/08/2020,544,29,20128,638,1.1728,0.0021,310470,0.126988114787,0.039472412793,0.007762424711,0.028994749895,0.024256771991,0.018855283924,0.017634554063,0.009733629658
01/09/2020,674,19,20147,643,0.9540,0.0017,377934,0.131742579386,0.040147221472,0.008162800912,0.029214095583,0.023996253314,0.017709441331,0.018286261622,0.009538702525
02/09/2020,632,25,20172,620,0.9810,0.0018,354154,0.126747121303,0.037907238094,0.008264766175,0.027776052226,0.024322752249,0.017108376582,0.018028880092,0.008640309018
03/09/2020,785,20,20192,788,1.0038,0.0017,460884,0.122653422547,0.038278612405,0.006993082858,0.027668567362,0.023906232371,0.018544796521,0.017746330964,0.008991416495
04/09/2020,688,18,20210,862,1.2529,0.0022,388431,0.129564839051,0.040475657195,0.007481380219,0.029701542874,0.025314663351,0.018754939745,0.018530961741,0.008822673782
05/09/2020,437,12,20222,390,0.8924,0.0018,219457,0.136295492961,0.039169404485,0.008502804650,0.029217568817,0.024647197401,0.017001052598,0.018550331044,0.008703299507
06/09/2020,354,3,20225,418,1.1808,0.0025,167061,0.136740472038,0.038578722742,0.008206583224,0.028169351315,0.024075038459,0.018119130138,0.018849402314,0.008751294437
07/09/2020,556,25,20250,627,1.1277,0.0018,342190,0.123022297547,0.038645197112,0.007647798007,0.028568923697,0.024281831731,0.018486805576,0.017563342003,0.008878108653
08/09/2020,605,39,20289,722,1.1934,0.0023,319289,0.134404880839,0.042356611095,0.006620960948,0.030881113975,0.026186307702,0.018487952920,0.018024423015,0.009217354810
09/09/2020,885,30,20319,820,0.9266,0.0018,449188,0.137572686708,0.039691621325,0.007733955493,0.029954050420,0.025147599669,0.018500048977,0.018671469407,0.008617772514
10/09/2020,1562,19,20338,1829,1.1709,0.0019,968869,0.122820525782,0.041743517441,0.007141316318,0.030716226858,0.025793992789,0.019056239801,0.019161517192,0.009512121866
11/09/2020,722,40,20378,806,1.1163,0.0022,367520,0.134814431862,0.040544732259,0.007322050501,0.030469090117,0.024877557684,0.018428929038,0.018589464519,0.009058010448
12/09/2020,562,17,20395,737,1.3114,0.0028,260309,0.139445812472,0.039445428318,0.007556404120,0.029434249296,0.023764065015,0.017433127552,0.018170712499,0.008674306305
13/09/2020,287,6,20401,370,1.2892,0.0026,141577,0.143773353011,0.042167866249,0.008052155364,0.031262140037,0.026649808938,0.020172768176,0.019664210995,0.010149953735
14/09/2020,705,34,20435,799,1.1333,0.0020,391288,0.128805381196,0.040589029053,0.007485534951,0.030151704116,0.025298501360,0.019037128662,0.018947680481,0.009328167488
15/09/2020,818,36,20471,672,0.8215,0.0017,406742,0.141207448450,0.041544763019,0.006945434698,0.031063917668,0.026444281633,0.020052023150,0.019466885642,0.009440874068
16/09/2020,842,46,20517,814,0.9667,0.0019,432414,0.137419232489,0.041240570379,0.007206057158,0.030482361811,0.025267452025,0.019830532776,0.018886992558,0.009273520284
17/09/2020,863,50,20567,854,0.9896,0.0016,519007,0.122285441230,0.039668058427,0.006699331608,0.029749117064,0.024955347423,0.019866784070,0.018518054670,0.009329353939
18/09/2020,756,122,20689,1071,1.4167,0.0026,407174,0.135897675189,0.041618570930,0.006925786028,0.030947457352,0.025669615447,0.019625516364,0.018225623444,0.009315427802
19/09/2020,489,25,20714,603,1.2331,0.0027,223031,0.141478090485,0.041926907022,0.008057175908,0.030883599141,0.026139863965,0.019472629365,0.019674395039,0.010303500410
20/09/2020,282,11,20725,389,1.3794,0.0030,130345,0.142974414049,0.043147032874,0.008439142276,0.031194138632,0.025340442671,0.020207909778,0.021565844490,0.011039932487
21/09/2020,556,53,20778,623,1.1205,0.0021,300519,0.133731977007,0.043068824267,0.007084410636,0.031349099391,0.026457561751,0.020378079256,0.018990479803,0.010448590605
22/09/2020,735,67,20845,802,1.0912,0.0021,389643,0.139050361478,0.041068362578,0.007486340060,0.029460300839,0.025043437198,0.019340781177,0.017695685538,0.009382947981
23/09/2020,746,43,20888,957,1.2828,0.0024,403193,0.130880248411,0.040092461922,0.007018971063,0.029970758421,0.025484073384,0.019444782027,0.018298928801,0.009109781172
24/09/2020,898,52,20940,917,1.0212,0.0019,471236,0.139745265635,0.043687239515,0.006743966930,0.032514493799,0.027137145719,0.022143893930,0.020427132053,0.009844324288
25/09/2020,869,55,20995,1275,1.4672,0.0026,497334,0.132275291849,0.041851150333,0.006621304797,0.031914166335,0.026883341979,0.020913510840,0.019383352033,0.009908833902
26/09/2020,526,39,21034,624,1.1863,0.0024,257420,0.136943516427,0.042339367570,0.007606246601,0.031104809261,0.025697304017,0.019998446119,0.019431279621,0.009777795043
27/09/2020,352,27,21061,503,1.4290,0.0030,165357,0.138560810846,0.042127034235,0.008073441100,0.031477349008,0.025260496985,0.019763300011,0.019581874369,0.009591368977
28/09/2020,508,81,21142,874,1.7205,0.0030,295606,0.128725397990,0.041863155687,0.006765762535,0.031836295610,0.027259257254,0.019664688809,0.018128860713,0.009749463813
29/09/2020,743,59,21201,866,1.1655,0.0021,411290,0.130166062869,0.041559483576,0.007050985922,0.030859004595,0.026718373897,0.019504485886,0.018984171752,0.009543144740
30/09/2020,728,63,21264,879,1.2074,0.0022,397060,0.134213972693,0.041432025386,0.007694051277,0.030980204503,0.026079181988,0.019478164509,0.018896388455,0.009537601370
01/10/2020,665,63,21327,823,1.2376,0.0020,414431,0.122514966296,0.039873947653,0.006710405351,0.030876068634,0.025316638958,0.019790990539,0.019033325210,0.009852062225
02/10/2020,762,47,21374,964,1.2651,0.0023,426450,0.134965412117,0.042018994020,0.006647907140,0.031267440497,0.025707585883,0.020464298276,0.018921327236,0.009893305194
03/10/2020,423,43,21417,668,1.5792,0.0029,228355,0.131777276602,0.044172450789,0.006319108406,0.033750082109,0.026506973791,0.021440301285,0.017923846642,0.010194653062
04/10/2020,277,32,21449,569,2.0542,0.0036,158274,0.130033991678,0.044189190897,0.005989612950,0.034433956304,0.027212302716,0.021481734208,0.019839013357,0.010627140276
05/10/2020,662,69,21518,903,1.3640,0.0024,368923,0.131813413632,0.042924946398,0.006714138181,0.034055887001,0.026861973908,0.021782323141,0.020706217829,0.010153880349
06/10/2020,777,62,21580,968,1.2458,0.0025,394568,0.132415705272,0.040469576853,0.006518521522,0.031512945804,0.025977778228,0.019274244237,0.019142454533,0.008931286876
07/10/2020,812,80,21660,910,1.1207,0.0022,407933,0.136843550283,0.043112471901,0.006942316508,0.032149887359,0.026761747640,0.020089083256,0.019365925287,0.009597164240
08/10/2020,771,76,21736,1078,1.3982,0.0023,473666,0.121699678670,0.040779789978,0.006798039125,0.031473654431,0.025775546482,0.019792427575,0.018808611975,0.009878268653
09/10/2020,712,62,21798,796,1.1180,0.0021,373019,0.139314619356,0.041767309440,0.006860240363,0.031706159740,0.026894072420,0.020108895257,0.020023108742,0.009530345639
10/10/2020,564,54,21852,766,1.3582,0.0027,286878,0.134722774135,0.039054929273,0.006703197875,0.029597947559,0.025449842790,0.018412007892,0.019259057857,0.009680073062
11/10/2020,307,46,21898,538,1.7524,0.0030,176664,0.121490513059,0.040127020785,0.006758592583,0.031608024272,0.024662636417,0.019987094145,0.018866322510,0.010047321469
12/10/2020,618,95,21993,892,1.4434,0.0027,333170,0.134985142714,0.042353753339,0.006249062040,0.031623495513,0.026569018819,0.020364978840,0.018948284659,0.009652729838
13/10/2020,890,84,22077,1121,1.2596,0.0023,478808,0.133815642172,0.042825098996,0.006340746186,0.031722527610,0.026762293028,0.019899416885,0.019114133431,0.009596748592
14/10/2020,941,104,22181,1159,1.2317,0.0024,492943,0.133086381178,0.042059629612,0.006818232534,0.031040099971,0.026976749847,0.019156373049,0.018728331673,0.009134930408
15/10/2020,946,88,22269,1096,1.1586,0.0020,555506,0.123586423903,0.041227277473,0.006493179192,0.030986163966,0.026294945509,0.020010584944,0.018980893096,0.009139415236
16/10/2020,869,122,22391,1123,1.2923,0.0023,492125,0.125839979674,0.042172212344,0.006768605537,0.031851663703,0.026245364491,0.019448310897,0.019818135636,0.009272034544
17/10/2020,525,89,22480,713,1.3581,0.0029,243401,0.139440676081,0.044046655519,0.007526674089,0.032111618276,0.027448531436,0.019482253565,0.019416518420,0.008968738830
18/10/2020,331,85,22565,549,1.6586,0.0034,163446,0.138700243500,0.040551619495,0.008131125876,0.030542197423,0.025243811412,0.020336992034,0.019211237962,0.009893175728
19/10/2020,599,146,22711,777,1.2972,0.0024,321392,0.130143251848,0.040069447901,0.007140812466,0.029406456912,0.025233982177,0.019487106088,0.018721685667,0.008973465425
20/10/2020,739,162,22873,1053,1.4249,0.0025,419506,0.126734778519,0.040726473519,0.006588701949,0.030004338436,0.025851835254,0.020068842877,0.019046211496,0.009320486477
21/10/2020,723,163,23036,920,1.2725,0.0025,367133,0.135027360651,0.042093737147,0.006752321366,0.030907055481,0.026927571207,0.019704030964,0.018527345676,0.009337215668
22/10/2020,846,162,23198,999,1.1809,0.0022,457064,0.131681777601,0.039427738785,0.006653335200,0.029643551012,0.025532529361,0.018537885285,0.019025781947,0.008047013110
23/10/2020,881,184,23382,1407,1.5970,0.0030,476350,0.130653930927,0.041142017424,0.006574997376,0.030851264826,0.027038941954,0.018511598614,0.018106434344,0.009018578776
24/10/2020,590,137,23519,940,1.5932,0.0034,272776,0.135598439741,0.042401091005,0.007049740446,0.031630348711,0.027436431358,0.019279555386,0.019363873655,0.008442824882
25/10/2020,426,116,23635,521,1.2230,0.0028,185741,0.146079756214,0.045498839782,0.007445852020,0.033998955535,0.028168255797,0.022375242946,0.021002363506,0.009965489580
26/10/2020,634,257,23892,692,1.0915,0.0020,342114,0.131041114944,0.041427711231,0.006565063108,0.031243971308,0.026757162817,0.020297327791,0.019385351082,0.009224995177
27/10/2020,829,288,24180,1034,1.2473,0.0024,427591,0.134013578391,0.043618785241,0.006775165988,0.031399164154,0.027682996134,0.019853083905,0.018912933153,0.009272879925
28/10/2020,964,244,24424,1568,1.6266,0.0030,515818,0.131684043590,0.044378055826,0.006195983855,0.032872059525,0.028690352023,0.020427747771,0.019559224378,0.008869407427
29/10/2020,1013,235,24659,1845,1.8213,0.0031,590592,0.123188258555,0.042647038903,0.007062405180,0.031803681729,0.028197131014,0.020076465648,0.019278960771,0.009121356199
30/10/2020,859,255,24914,1275,1.4843,0.0026,491716,0.126503916888,0.043600370946,0.006886088718,0.031774438904,0.028006003465,0.020275931635,0.019948506862,0.009725125886
31/10/2020,586,223,25137,1008,1.7201,0.0037,269650,0.146467643235,0.046167253847,0.007012794363,0.033558316336,0.029397366957,0.021386983126,0.019629148897,0.009267569071
01/11/2020,350,231,25368,685,1.9571,0.0039,177560,0.135678080643,0.044593376886,0.007591799955,0.033200045055,0.028429826537,0.021986933994,0.019058346474,0.010599234062
02/11/2020,677,416,25784,984,1.4535,0.0027,368619,0.131357851868,0.042900664371,0.007156440661,0.032456275992,0.027193389380,0.020924043525,0.018455369908,0.009307713384
03/11/2020,723,426,26210,1172,1.6210,0.0030,393924,0.132020389714,0.043668321808,0.007133355673,0.033399843625,0.027736314619,0.022423106995,0.019013819925,0.009565296859
04/11/2020,791,385,26595,1082,1.3679,0.0027,402418,0.132586017519,0.042421064664,0.007030003628,0.032237623565,0.027175722756,0.020091049605,0.019484714898,0.008612934809
05/11/2020,893,363,26958,1387,1.5532,0.0028,487845,0.133913435614,0.043843843844,0.006631204583,0.033279012801,0.028537752770,0.019789072349,0.019350408429,0.009168895858
06/11/2020,858,398,27356,1544,1.7995,0.0033,473875,0.132370350825,0.043790029016,0.006600896861,0.033439198101,0.028321814825,0.019804800844,0.018677921393,0.009133210235
07/11/2020,469,304,27660,878,1.8721,0.0034,261207,0.123070974355,0.045929090721,0.006408710333,0.034976091759,0.028712859916,0.022840122968,0.019654909708,0.010776893422
08/11/2020,396,270,27930,778,1.9646,0.0040,194343,0.135523275852,0.046489968766,0.006730368472,0.034902208981,0.028501155174,0.022295631950,0.019583931502,0.011201844162
09/11/2020,857,548,28478,1570,1.8320,0.0034,456110,0.127778386787,0.041476836728,0.007044353336,0.031062682248,0.026210782487,0.019675078380,0.018442919471,0.008789546381
10/11/2020,949,466,28944,1635,1.7229,0.0033,499296,0.132746907640,0.041650644107,0.006659376402,0.030488928411,0.026411186951,0.019160978658,0.018313785810,0.008377795937
11/11/2020,717,328,29272,1585,2.2106,0.0048,329266,0.139862603482,0.042543111041,0.006541823328,0.031011401116,0.027035891954,0.018392424362,0.018283090267,0.008628282301
12/11/2020,889,425,29697,1650,1.8560,0.0032,510590,0.126976634867,0.041005503437,0.006811727609,0.030174895709,0.025623298537,0.019005464267,0.018006619793,0.009130613604
13/11/2020,889,456,30153,1482,1.6670,0.0031,485044,0.132322016141,0.043309472955,0.006933391610,0.031421891622,0.027747998120,0.019109606551,0.018099388921,0.008869298455
14/11/2020,560,354,30507,1192,2.1286,0.0042,285371,0.129564671949,0.041332160591,0.007467472168,0.029873392881,0.026050299435,0.018887693564,0.017924035729,0.008974282601
15/11/2020,400,302,30809,721,1.8025,0.0038,189277,0.140534771784,0.045319822271,0.007127120569,0.032946422439,0.028371117463,0.020831902450,0.019500520401,0.009446472630
16/11/2020,783,506,31315,1078,1.3768,0.0025,432076,0.129826697149,0.040485933030,0.006635406734,0.029716994232,0.025791758857,0.018695785001,0.018580064618,0.008625797313
17/11/2020,890,428,31743,1448,1.6270,0.0029,494560,0.129966030404,0.042326512455,0.006777741831,0.031708993853,0.027157473310,0.019690229699,0.018612504044,0.009107085086
18/11/2020,903,425,32168,1468,1.6257,0.0032,463536,0.135342238785,0.042294449622,0.006454730593,0.031494856926,0.026507110559,0.019504418211,0.018279054917,0.009304563184
19/11/2020,899,429,32597,1270,1.4127,0.0026,490573,0.132577618412,0.042050826278,0.006818557075,0.031190057341,0.026409932874,0.019100113541,0.018727080373,0.008555301657
20/11/2020,894,381,32978,1562,1.7472,0.0032,492846,0.129740324558,0.041313107948,0.006811458346,0.031001570470,0.026131895156,0.019172317519,0.018423604939,0.009256441160
21/11/2020,734,253,33231,1182,1.6104,0.0036,330580,0.149334502990,0.042440559017,0.007069393188,0.030821586303,0.026789279448,0.019142113860,0.019931635308,0.008775485510
22/11/2020,391,214,33445,602,1.5396,0.0032,188921,0.143964937719,0.043245589426,0.007526955712,0.031849291503,0.026037338358,0.020834105261,0.019034411209,0.009289597239
23/11/2020,752,500,33945,1087,1.4455,0.0026,423813,0.130824207840,0.042483359406,0.006686911444,0.030796601331,0.025659901891,0.019345796377,0.017764910468,0.008904870780
24/11/2020,805,454,34399,1352,1.6795,0.0031,440891,0.128551047758,0.039830706456,0.006793062231,0.029231714868,0.024706786938,0.018453540671,0.017845680678,0.008816238027
25/11/2020,842,381,34780,1196,1.4204,0.0028,431726,0.125841390135,0.041352617169,0.006802925930,0.029896276805,0.025884473022,0.018240736022,0.018256950010,0.008892214043
26/11/2020,751,339,35119,1202,1.6005,0.0026,463747,0.121663320726,0.039881659612,0.007051258553,0.030376476829,0.025705826668,0.018874515630,0.018620066545,0.008743991875
27/11/2020,623,393,35512,722,1.1589,0.0020,356216,0.129820109141,0.041295169223,0.006973297101,0.030335526759,0.025863521010,0.019336582298,0.018937947762,0.009665483864
28/11/2020,447,213,35725,665,1.4877,0.0032,209792,0.141235128121,0.042480170836,0.007164238865,0.030492106467,0.026521507016,0.019076037218,0.018742373398,0.009275854179
29/11/2020,315,198,35923,692,2.1968,0.0038,180861,0.120689369179,0.038847512730,0.007364771841,0.029171573750,0.024897573274,0.018279231012,0.017753965753,0.009161731938
30/11/2020,630,406,36329,916,1.4540,0.0026,357161,0.127620316882,0.041085112876,0.007164836026,0.030412055068,0.025884685058,0.019943386876,0.018232673780,0.009110737174
01/12/2020,776,363,36692,1276,1.6443,0.0030,427582,0.133726396334,0.042770743389,0.007177570618,0.031236113775,0.026406630775,0.020344635649,0.018693490371,0.009270736373
02/12/2020,796,310,37002,1071,1.3455,0.0023,464040,0.126202482538,0.041104215154,0.006611499009,0.030654684941,0.026312386863,0.019597448496,0.018696664081,0.009460391346
03/12/2020,873,324,37326,1475,1.6896,0.0028,526601,0.121625291249,0.040250588206,0.006606519927,0.030172749387,0.025505078798,0.019671440047,0.017276837682,0.009177726590
04/12/2020,678,282,37608,1116,1.6460,0.0031,365774,0.131611322832,0.040516821862,0.006438401855,0.029928316392,0.025261500271,0.019268728778,0.017406923401,0.009287155457
05/12/2020,489,214,37822,844,1.7260,0.0034,251354,0.122337420526,0.039374746373,0.007220891651,0.029456463792,0.025302959173,0.018802167461,0.018396365285,0.009703446136
06/12/2020,289,174,37996,744,2.5744,0.0042,177258,0.112807320398,0.037769804465,0.007683715262,0.029076261720,0.024512292816,0.019305193560,0.019028760338,0.010357783569
07/12/2020,568,366,38362,911,1.6039,0.0029,314070,0.130171617786,0.040108892922,0.006998439838,0.030512306174,0.025847740949,0.020068774477,0.018346228548,0.009099882192
08/12/2020,755,377,38739,1035,1.3709,0.0028,369834,0.138705473260,0.040734491691,0.006992326287,0.030448795946,0.025860250815,0.018800326633,0.018086492859,0.008503815225
09/12/2020,763,296,39035,903,1.1835,0.0023,387136,0.139868160020,0.040363076541,0.006945879484,0.029418602248,0.025515581088,0.018324309803,0.018177074723,0.008100512481
10/12/2020,783,292,39327,1104,1.4100,0.0025,449328,0.127926592594,0.040907755581,0.006710020297,0.029880176619,0.025368995478,0.019133016416,0.017724245985,0.008988979098
11/12/2020,730,304,39631,994,1.3616,0.0024,422903,0.125603270720,0.040352042903,0.006590163702,0.030214966552,0.025937389898,0.019259735684,0.018072702251,0.009077731773
12/12/2020,482,194,39825,692,1.4357,0.0030,229490,0.141570438794,0.040485424201,0.007207285721,0.030101529478,0.025251644952,0.017739335047,0.018889711970,0.008457884875
13/12/2020,338,150,39975,550,1.6272,0.0033,167568,0.130764823828,0.038014418027,0.007250787740,0.029128473217,0.025303160508,0.017198987873,0.019580110761,0.008700945288
14/12/2020,762,371,40346,1113,1.4606,0.0026,423592,0.131529868358,0.039568735953,0.006881621938,0.029960433625,0.025866871896,0.018678350866,0.018827078887,0.008772592495
15/12/2020,669,307,40653,815,1.2182,0.0023,359322,0.137325295968,0.042182220960,0.006746038372,0.031164248223,0.027318115785,0.019801181113,0.018996888585,0.008964104619
16/12/2020,774,289,40942,983,1.2700,0.0023,433341,0.128709261292,0.039643144775,0.007659095262,0.030043314618,0.025310321433,0.018941203348,0.017787377608,0.009096762134
17/12/2020,854,258,41200,1234,1.4450,0.0025,491845,0.125580213272,0.039437221075,0.007087598735,0.029486931858,0.024828960343,0.018019904645,0.017804389594,0.009015035224
18/12/2020,728,255,41455,1118,1.5357,0.0027,412731,0.126169345161,0.039803164773,0.006801039903,0.029796647211,0.024837000371,0.018023846040,0.017999617184,0.008959830979
19/12/2020,565,189,41644,809,1.4319,0.0030,266249,0.131298145716,0.039173856052,0.007579371190,0.028503393440,0.025074272579,0.017866733772,0.019293969179,0.009235715439
20/12/2020,428,131,41775,549,1.2827,0.0025,215815,0.131617357453,0.038023306999,0.007631536269,0.029057294442,0.023529411765,0.017742047587,0.018288812177,0.010425595996
21/12/2020,774,351,42126,858,1.1085,0.0021,413898,0.130638466476,0.041696263330,0.006508850007,0.032392038618,0.026252844904,0.018354763734,0.019275280383,0.011094520872
22/12/2020,736,381,42507,966,1.3125,0.0023,413280,0.126113046839,0.040376984127,0.007121080139,0.030364401858,0.025491192412,0.018195896245,0.018203155246,0.009792392567
23/12/2020,736,276,42783,978,1.3288,0.0025,383567,0.136664520143,0.041812773257,0.006869725498,0.031639843886,0.026175348766,0.018460920778,0.018831129894,0.009638472548
24/12/2020,540,290,43073,841,1.5574,0.0029,292331,0.130362500037,0.040809903842,0.007939630077,0.031070943554,0.025871358152,0.018058296931,0.019111897130,0.009684227810
25/12/2020,263,159,43232,488,1.8555,0.0035,141002,0.123487610100,0.036311541680,0.007418334492,0.028503141799,0.023077686841,0.016737351243,0.017751521255,0.009517595495
26/12/2020,418,146,43378,785,1.8780,0.0035,223438,0.124893706526,0.037437678461,0.007465158120,0.028844690697,0.024279665947,0.017978141587,0.017517163598,0.009420957939
27/12/2020,367,173,43551,838,2.2834,0.0042,199194,0.123141259270,0.039278291515,0.007610671004,0.031070212958,0.024905368636,0.018956394269,0.017113969296,0.009643864775
28/12/2020,596,363,43914,1059,1.7768,0.0033,321615,0.124182640730,0.039879980722,0.007490322280,0.030719960201,0.025089003933,0.019902678668,0.016762277879,0.010369541222
29/12/2020,677,384,44298,1171,1.7297,0.0032,368862,0.126128470804,0.042636541579,0.007192391735,0.032792751761,0.027210718372,0.021647662269,0.018405257251,0.010784521040
30/12/2020,735,303,44601,1308,1.7796,0.0033,392779,0.128390265258,0.039801007691,0.007393470629,0.030627910351,0.025345041359,0.019471509424,0.017434740656,0.009880874487
31/12/2020,686,251,44852,1235,1.8003,0.0030,405314,0.119630706064,0.041057056998,0.007335053810,0.031077140192,0.026663278347,0.020477950428,0.018491835959,0.009915769009
01/01/2021,302,133,44985,476,1.5762,0.0027,178760,0.117515104044,0.041653613784,0.008368762587,0.031707317073,0.026756545088,0.020670172298,0.019266055046,0.010421794585
02/01/2021,435,156,45141,664,1.5264,0.0031,216205,0.133771189376,0.038625378691,0.008676950117,0.030517333086,0.024726532689,0.017821049467,0.018579588816,0.009074720751
03/01/2021,356,116,45257,610,1.7135,0.0036,169422,0.137721193229,0.041765532221,0.007773488685,0.032917802883,0.027074405921,0.019472087450,0.017978774893,0.009432069035
04/01/2021,720,378,45635,1133,1.5736,0.0026,437080,0.123412189982,0.041033678045,0.007069644001,0.031440468564,0.025105243891,0.019518166011,0.016990024709,0.009670998444
05/01/2021,806,345,45980,1066,1.3226,0.0024,446924,0.128847410292,0.040000089501,0.006943014920,0.030806132586,0.024223357886,0.018647465788,0.016354010973,0.009426658671
06/01/2021,844,283,46263,1224,1.4502,0.0027,457310,0.134880059472,0.039797948875,0.007038988870,0.030884957687,0.024351096630,0.018687542367,0.017185279132,0.009453106208
07/01/2021,821,276,46539,1125,1.3703,0.0025,441239,0.131241798656,0.041700756279,0.006799036350,0.032490328371,0.025895263111,0.019164217125,0.017691092582,0.008888606855
08/01/2021,750,276,46815,1354,1.8053,0.0034,397789,0.132185656209,0.039546091018,0.006830254230,0.030543831026,0.024399870283,0.017464032439,0.016724947145,0.008959523768
09/01/2021,623,168,46983,880,1.4125,0.0030,291370,0.142948827946,0.040577272883,0.007766757044,0.030088890414,0.024583862443,0.017778082850,0.017973710403,0.008748326870
10/01/2021,284,151,47134,629,2.2148,0.0038,164365,0.124235694941,0.039059410458,0.007203480060,0.029568338758,0.023782435433,0.017990448088,0.014972774009,0.009345055212
11/01/2021,749,310,47444,1199,1.6008,0.0030,395609,0.137140459387,0.041801374589,0.006809754075,0.032279346526,0.025080319204,0.018217482413,0.016718527637,0.009501806076
12/01/2021,863,355,47799,1103,1.2781,0.0025,439360,0.137185906767,0.041376092498,0.006605061908,0.031368353969,0.025100145666,0.018445010925,0.017250091042,0.009434176985
13/01/2021,959,229,48028,1437,1.4984,0.0029,492967,0.139102617410,0.042205664882,0.006653589388,0.032062998132,0.026612329020,0.018763933488,0.017526528145,0.008925546740
14/01/2021,899,282,48310,1439,1.6007,0.0029,504554,0.130128787001,0.041680375143,0.006520610282,0.031300911300,0.025513621931,0.018511398185,0.017455019681,0.009416236914
15/01/2021,894,280,48590,1237,1.3837,0.0025,485848,0.129748398670,0.040255388516,0.006427936309,0.029533928307,0.024505606692,0.019020352044,0.017196736428,0.009430933131
16/01/2021,755,193,48783,1019,1.3497,0.0030,344627,0.143636453319,0.039654467003,0.006969854364,0.029263522591,0.023393407945,0.017920824544,0.016963267533,0.009134513547
17/01/2021,464,141,48924,757,1.6315,0.0031,243390,0.124355971892,0.036164180944,0.007662599121,0.027511401454,0.022474218333,0.017913636550,0.017022063355,0.009585439007
18/01/2021,926,403,49327,1227,1.3251,0.0024,520906,0.126734957933,0.040416121143,0.006801611039,0.030819380080,0.024989153513,0.019028385160,0.017650017470,0.009431644097
19/01/2021,1095,369,49696,1660,1.5160,0.0030,549073,0.134324579786,0.041173031637,0.006982678077,0.030476821843,0.025248008917,0.018859058814,0.017276391299,0.009699985248
20/01/2021,1137,310,50006,1792,1.5761,0.0033,543073,0.139920415850,0.041539535201,0.007083762220,0.030161690970,0.025228652502,0.020059918280,0.017610892090,0.009543836648
21/01/2021,1104,346,50352,1546,1.4004,0.0026,589184,0.130594177704,0.040678294047,0.007143778514,0.030285954812,0.024825860852,0.019306362698,0.018235389963,0.009382467956
22/01/2021,998,319,50671,1317,1.3196,0.0024,538098,0.131167556833,0.040674746979,0.006798018205,0.030856832770,0.025467479901,0.019080167553,0.017894509922,0.009325438861
23/01/2021,768,230,50901,1040,1.3542,0.0031,340117,0.145079487347,0.041603330618,0.007209283864,0.031671454235,0.025597073948,0.018467174531,0.018167277731,0.009032185983
24/01/2021,546,172,51073,967,1.7711,0.0036,267335,0.127140105106,0.037226700582,0.006497465727,0.029068397329,0.022526044102,0.018714347167,0.017393906522,0.010002431406
25/01/2021,914,445,51518,1149,1.2571,0.0026,444395,0.136884978448,0.041060317960,0.006442466724,0.030751921151,0.024696497485,0.019572677460,0.018067259983,0.009460052431
26/01/2021,1110,350,51868,1355,1.2207,0.0024,560369,0.135690946495,0.041290649554,0.006476089862,0.030992078434,0.025463578463,0.020334815095,0.017786494256,0.009527650530
27/01/2021,1178,350,52218,1358,1.1528,0.0023,600089,0.132060411033,0.041530506308,0.006387385871,0.031087055420,0.026029472295,0.020200336950,0.017784028702,0.009250294540
28/01/2021,1174,344,52562,1567,1.3348,0.0025,630110,0.130569265678,0.041895859453,0.006405230833,0.031139007475,0.025912935837,0.019715605212,0.017555664884,0.009311072670
29/01/2021,1083,355,52917,1404,1.2964,0.0025,555749,0.130985390881,0.042177313859,0.006276214622,0.030960019721,0.026193479430,0.019760719317,0.017509703121,0.009462905016
30/01/2021,698,242,53159,959,1.3739,0.0029,333152,0.135784866962,0.040239890500,0.007152891173,0.030574632600,0.024493324368,0.018751200653,0.017856714052,0.009569205648
31/01/2021,456,195,53354,670,1.4693,0.0028,243344,0.127930008543,0.039655795910,0.007109277402,0.029949372082,0.024241403116,0.019696396870,0.017530738379,0.011140607535
01/02/2021,861,455,53809,945,1.0976,0.0022,438643,0.138404123620,0.040698244358,0.006887149687,0.030136124365,0.025303036866,0.020016277474,0.018345214673,0.009449597965
02/02/2021,891,404,54213,1008,1.1313,0.0021,469829,0.134802236552,0.041357600318,0.006823759283,0.030440862527,0.025813647093,0.019321923508,0.017491470301,0.009069257113
03/02/2021,994,357,54570,1084,1.0905,0.0022,500864,0.128298300531,0.038818920904,0.006750335420,0.027991630462,0.024010509839,0.018478069895,0.016481519933,0.009252012522
04/02/2021,939,357,54927,1110,1.1821,0.0021,538045,0.122212826059,0.041472367553,0.006343335595,0.030491873356,0.025938350881,0.019923984053,0.016868477544,0.010066072540
05/02/2021,898,293,55220,953,1.0612,0.0021,458551,0.139666034960,0.042996307935,0.006910899769,0.031222263172,0.026858517373,0.019642308053,0.017559660757,0.009780809550
06/02/2021,694,191,55411,994,1.4323,0.0033,301124,0.145049879778,0.042547256280,0.007339169246,0.031266189344,0.026487427106,0.019829040528,0.018792922517,0.009378196358
07/02/2021,442,171,55582,689,1.5588,0.0033,206688,0.143506154199,0.043253599628,0.008210442793,0.031138721164,0.025415118439,0.019759250658,0.018839990711,0.009937683852
08/02/2021,707,458,56040,1038,1.4682,0.0028,376667,0.134742358628,0.040996423897,0.006761940919,0.029601743715,0.024966349587,0.019725646260,0.017524763252,0.009403531501
09/02/2021,842,436,56476,1174,1.3943,0.0027,435502,0.135471249265,0.040596828487,0.006704906062,0.029942457210,0.024674972790,0.018238722210,0.017446532967,0.008950590353
10/02/2021,925,296,56772,1201,1.2984,0.0025,474394,0.136011416664,0.040885845942,0.006842413690,0.030293384824,0.024635640417,0.018143146836,0.017344232853,0.009188564779
11/02/2021,836,360,57132,971,1.1615,0.0021,459641,0.127571300204,0.041430159624,0.006613857336,0.029694914074,0.026139965756,0.018856020242,0.017876995307,0.009248522216
12/02/2021,832,317,57449,918,1.1034,0.0022,420198,0.135150571867,0.041097292229,0.006532634615,0.029852593301,0.025304737290,0.018615033865,0.017967719980,0.009257540493
13/02/2021,598,199,57648,809,1.3528,0.0033,247984,0.139371894956,0.041006677850,0.007327085618,0.030425350023,0.025283889283,0.018997193367,0.017855990709,0.009472385315
14/02/2021,449,167,57815,669,1.4900,0.0031,212733,0.144091419754,0.039965590670,0.007629281776,0.029967141910,0.024396779061,0.018671292183,0.017811058933,0.008677544152
15/02/2021,1378,412,58227,1756,1.2743,0.0026,672024,0.139625965733,0.040043212742,0.006868802305,0.029484066045,0.024500613073,0.018913015011,0.017389259907,0.009270502244
16/02/2021,820,351,58578,1034,1.2610,0.0025,416137,0.134659979760,0.041140297546,0.006915991609,0.030456316069,0.026162057207,0.018940877644,0.017467805074,0.008852853748
17/02/2021,927,310,58888,1114,1.2017,0.0024,465721,0.137530839273,0.040045434928,0.007051432081,0.029629327430,0.024390139161,0.019086534642,0.017244229914,0.008713371310
18/02/2021,932,271,59159,1116,1.1974,0.0022,499344,0.130034605396,0.040603271492,0.006282242302,0.030097487904,0.025705725912,0.018922826749,0.017801355378,0.008973773591
19/02/2021,859,325,59484,983,1.1444,0.0024,402861,0.144235853055,0.040914856489,0.006925465607,0.030104676303,0.025966772659,0.018884925570,0.018470390532,0.008799561139
20/02/2021,611,157,59641,632,1.0344,0.0023,272683,0.141688334068,0.039313048485,0.007532556118,0.027764840492,0.023917882670,0.017489172409,0.018057598017,0.009058137104
21/02/2021,382,159,59800,505,1.3220,0.0028,182712,0.141419282800,0.040998949166,0.008319103288,0.031251368274,0.024634397303,0.019221507071,0.019500634879,0.009692849950
22/02/2021,708,333,60133,780,1.1017,0.0022,360661,0.141492980936,0.041066264442,0.006720992844,0.031106773397,0.024973590158,0.020376475416,0.017831148918,0.010075943892
23/02/2021,764,310,60443,937,1.2264,0.0023,403104,0.135047035002,0.041036556323,0.007176807970,0.029833492101,0.025179606255,0.019942744304,0.017662935620,0.010012304517
24/02/2021,874,277,60720,1160,1.3272,0.0025,468734,0.132234913612,0.038501580854,0.006720229384,0.028628177175,0.024286695652,0.018899845115,0.017489663647,0.008456821993
25/02/2021,1051,261,60981,1372,1.3054,0.0023,587485,0.129065422941,0.039449517860,0.006376333013,0.029634799186,0.024838080972,0.018902610279,0.017455764828,0.008744053040
26/02/2021,924,284,61265,963,1.0422,0.0021,466870,0.138629597098,0.041264163472,0.006507164735,0.030961509628,0.025561719536,0.019090967507,0.017512369610,0.008706920556
27/02/2021,639,185,61450,754,1.1800,0.0025,302615,0.137336219283,0.041333046941,0.007365794822,0.031059266725,0.025322604630,0.019566115361,0.017973332452,0.009434429886
28/02/2021,456,122,61572,617,1.3531,0.0027,230770,0.131230229227,0.040594531351,0.007340642198,0.031134896217,0.025154916150,0.019655934480,0.017471941760,0.009403301989
01/03/2021,695,375,61947,651,0.9367,0.0018,366520,0.134219142196,0.040494379570,0.006498963222,0.030031103350,0.024890865437,0.019985266834,0.017745279930,0.009382844047
02/03/2021,817,300,62247,881,1.0783,0.0022,393844,0.140784168345,0.041694173327,0.007053554199,0.030565401530,0.025758929932,0.019601669697,0.016780755832,0.009054346391
03/03/2021,916,322,62569,1025,1.1190,0.0022,465645,0.138328555008,0.041441441441,0.007007484242,0.030838943831,0.025650441860,0.019570703003,0.016948533754,0.009251683149
04/03/2021,918,293,62862,1072,1.1678,0.0022,488728,0.133773796461,0.041329737604,0.006547609304,0.030937453962,0.025558183693,0.019274524889,0.017277504051,0.008867918351
05/03/2021,883,238,63100,1072,1.2140,0.0025,432784,0.138470923134,0.042258955969,0.006996561795,0.031149487966,0.025019409220,0.019605623128,0.017512200081,0.009177788458
06/03/2021,617,170,63270,600,0.9724,0.0022,273018,0.143312895115,0.040726252481,0.007695463303,0.030737900065,0.023698071189,0.019910775114,0.017130738633,0.009167893692
07/03/2021,430,130,63400,382,0.8884,0.0021,185675,0.147101117539,0.040554732732,0.007545442305,0.031765181096,0.023788878417,0.020853642117,0.017848391006,0.009021139087
08/03/2021,701,359,63759,841,1.1997,0.0023,358713,0.133820073423,0.041665621262,0.007267648510,0.031696648853,0.025153813773,0.020804933192,0.017994887278,0.009389121666
09/03/2021,822,298,64057,1041,1.2664,0.0028,371444,0.143370198463,0.040129871528,0.007454690344,0.030292587846,0.024345527186,0.018263856732,0.016853146100,0.008983857594
10/03/2021,807,264,64321,1189,1.4734,0.0029,411745,0.137167421578,0.039381170384,0.006972762268,0.029729565629,0.024602605982,0.019142916125,0.016364497444,0.008699559193
11/03/2021,872,265,64586,1194,1.3693,0.0026,463045,0.131166517287,0.040391322657,0.007312464231,0.030236802039,0.024885270330,0.018814586055,0.017641913853,0.008692459696
12/03/2021,931,223,64809,1377,1.4791,0.0029,471874,0.137617245276,0.042415983928,0.007228624590,0.031080330766,0.025299126462,0.018464674892,0.017540699424,0.008894323485
13/03/2021,609,169,64978,941,1.5452,0.0032,291037,0.131959166698,0.042468826987,0.007438916701,0.032329222745,0.026171930029,0.019691654326,0.017853400083,0.009314966826
14/03/2021,410,140,65118,757,1.8463,0.0037,206316,0.131797824690,0.044165261056,0.006839023634,0.032251497702,0.026929564358,0.020114775393,0.017405339382,0.010386979197
15/03/2021,894,333,65451,1658,1.8546,0.0035,471745,0.130032114802,0.042813384349,0.006721851848,0.031504308472,0.026586397312,0.019001791222,0.017984292361,0.009341911414
16/03/2021,920,314,65765,1439,1.5641,0.0028,510174,0.123820500451,0.042050359289,0.006740837440,0.031461814988,0.025844123769,0.018191832590,0.017409746479,0.009190981900
17/03/2021,1087,241,66006,1739,1.5998,0.0030,582091,0.132922515545,0.043171943906,0.006919880225,0.032180535346,0.026686549010,0.018330467229,0.018229108507,0.009316412726
18/03/2021,1007,268,66274,1438,1.4280,0.0025,581062,0.125525331198,0.041083395575,0.006646450809,0.030575050511,0.025276132323,0.018994530704,0.017669370910,0.009665061560
19/03/2021,850,285,66559,1149,1.3518,0.0024,473671,0.132554030111,0.042839861423,0.006846524275,0.031578880700,0.025638048350,0.019426986241,0.017936500229,0.009401039962
20/03/2021,570,176,66735,786,1.3789,0.0028,279491,0.139138648465,0.042917303240,0.006969812981,0.032967072285,0.026033038631,0.019517623108,0.018240301119,0.009689041865
21/03/2021,418,138,66873,531,1.2703,0.0027,194189,0.143937092208,0.044539083058,0.007127077229,0.033436497433,0.026232175870,0.021242191885,0.018863066394,0.010283795684
22/03/2021,708,343,67216,932,1.3164,0.0026,363905,0.135180885114,0.042071419739,0.006754510106,0.032431541199,0.025707258763,0.021131888817,0.018106373916,0.010085049670
23/03/2021,774,287,67503,1189,1.5362,0.0029,406644,0.135550997918,0.042668771702,0.006624959424,0.032187859651,0.025383382025,0.019941275415,0.017278012217,0.009187397330
24/03/2021,828,245,67748,1119,1.3514,0.0024,465523,0.126285919271,0.041506005074,0.006599029479,0.031083319191,0.025309168398,0.019693978600,0.017341785476,0.009105887357
25/03/2021,800,225,67973,1094,1.3675,0.0023,473995,0.119302946228,0.039856960516,0.006565470100,0.030610027532,0.024905326005,0.019432694438,0.017972763426,0.009206848173
26/03/2021,0,303,68276,0,0,0,0,0,0,0,0,0,0,0,0
27/03/2021,0,190,68466,0,0,0,0,0,0,0,0,0,0,0,0
28/03/2021,0,131,68597,0,0,0,0,0,0,0,0,0,0,0,0
29/03/2021,14,360,68957,43,3.0714,0.0047,9079,0.100451591578,0.042625839850,0.005727503029,0.033373719573,0.022139002093,0.018283951977,0.022249146382,0.016191210486
