date,article_count,injections_count,injections_cumulated,dict_hits,average_hits_per_article,average_hits_per_words,total_words,feel_positive,feel_negative,feel_joy,feel_fear,feel_sadness,feel_anger,feel_surprise,feel_disgust
02/01/2020,1,0,0,0,0.0000,0.0000,421,78,17,5,15,19,8,5,2
10/01/2020,1,0,0,0,0.0000,0.0000,723,139,20,7,30,24,7,9,3
26/01/2020,1,0,0,0,0.0000,0.0000,1110,193,42,3,39,27,13,13,18
28/01/2020,1,0,0,0,0.0000,0.0000,693,139,26,6,26,21,10,8,5
29/01/2020,10,0,0,1,0.1000,0.0001,7158,1117,281,55,213,192,114,171,90
31/01/2020,1,0,0,1,1.0000,0.0015,656,92,42,6,31,24,19,15,11
01/02/2020,2,0,0,6,3.0000,0.0127,474,62,20,6,6,6,4,2,8
02/02/2020,3,0,0,0,0.0000,0.0000,1645,264,139,12,93,37,28,18,68
03/02/2020,2,0,0,1,0.5000,0.0020,498,72,25,3,19,14,11,10,6
04/02/2020,1,0,0,0,0.0000,0.0000,200,41,3,6,4,4,1,4,1
05/02/2020,5,0,0,3,0.6000,0.0014,2191,379,111,17,80,61,38,34,28
06/02/2020,3,0,0,0,0.0000,0.0000,883,158,49,0,40,21,21,17,8
07/02/2020,2,0,0,0,0.0000,0.0000,1312,241,52,9,25,44,16,29,12
08/02/2020,1,0,0,0,0.0000,0.0000,402,73,21,2,12,17,7,14,5
09/02/2020,3,0,0,1,0.3333,0.0003,3513,587,140,20,108,110,43,54,35
10/02/2020,3,0,0,0,0.0000,0.0000,10093,1706,419,81,357,270,221,224,118
11/02/2020,26,0,0,9,0.3462,0.0005,17054,2934,695,93,523,393,255,256,148
12/02/2020,107,0,0,49,0.4579,0.0007,69590,11723,3053,445,2279,1756,1269,1094,709
13/02/2020,145,0,0,50,0.3448,0.0006,80847,14511,3315,413,2497,2231,1272,1175,715
14/02/2020,134,0,0,43,0.3209,0.0005,92373,16051,4049,579,3121,2631,1979,1599,906
15/02/2020,65,0,0,64,0.9846,0.0013,47568,7983,1869,260,1538,1193,897,758,498
16/02/2020,62,0,0,24,0.3871,0.0005,45092,7371,1817,217,1522,1177,847,669,526
17/02/2020,87,0,0,45,0.5172,0.0008,57097,9888,2609,253,1965,1649,1031,1055,547
18/02/2020,115,0,0,235,2.0435,0.0034,68791,12045,3351,360,2281,2100,1208,1108,670
19/02/2020,88,0,0,155,1.7614,0.0033,46739,8005,2116,255,1607,1382,801,689,403
20/02/2020,93,0,0,51,0.5484,0.0010,53481,9644,2296,357,1600,1453,834,969,503
21/02/2020,107,0,0,55,0.5140,0.0008,68384,11799,2746,342,2116,1691,1142,1127,609
22/02/2020,57,0,0,20,0.3509,0.0004,48002,8001,2035,209,1535,1245,798,742,464
23/02/2020,98,0,0,13,0.1327,0.0002,78964,13456,3167,439,2598,2028,1319,1402,751
24/02/2020,152,0,0,35,0.2303,0.0004,95526,15901,4224,467,3270,2643,1601,1771,890
25/02/2020,198,0,0,156,0.7879,0.0012,133816,21955,5777,688,4548,3675,2200,2296,1319
26/02/2020,253,0,0,73,0.2885,0.0004,166772,27227,7275,1031,5788,4552,2757,2866,1562
27/02/2020,302,0,0,81,0.2682,0.0004,214148,34864,10004,1341,7803,6182,3952,3912,2225
28/02/2020,281,0,0,86,0.3060,0.0005,163755,26832,7763,929,5990,4946,2978,3024,1772
29/02/2020,207,0,0,40,0.1932,0.0003,133006,21777,6125,846,5021,3704,2485,2443,1386
01/03/2020,118,0,0,29,0.2458,0.0004,66371,11080,3172,450,2581,2006,1254,1199,609
02/03/2020,285,0,0,107,0.3754,0.0005,200615,34681,9411,1250,7318,6058,3877,3676,2044
03/03/2020,329,0,0,88,0.2675,0.0004,208634,35259,9535,1445,7468,5973,3777,3776,2226
04/03/2020,330,0,0,155,0.4697,0.0008,203248,34476,9707,1251,6982,5630,3750,3688,2350
05/03/2020,389,0,0,180,0.4627,0.0007,246144,41330,11948,1620,8912,7378,4629,4666,2481
06/03/2020,354,0,0,176,0.4972,0.0007,235822,39254,11124,1234,8412,6687,4482,4338,2451
07/03/2020,262,0,0,77,0.2939,0.0006,134576,22556,6362,873,4994,3893,2417,2589,1318
08/03/2020,162,0,0,46,0.2840,0.0004,117437,19862,5297,682,4116,3328,2208,2256,1218
09/03/2020,354,0,0,96,0.2712,0.0004,222132,37861,10396,1241,8129,6625,4352,4337,2181
10/03/2020,418,0,0,80,0.1914,0.0003,277170,47948,13201,1655,10045,8406,5576,5444,2833
11/03/2020,484,0,0,144,0.2975,0.0005,290631,49646,14064,1721,10385,8798,5922,5670,3074
12/03/2020,652,0,0,177,0.2715,0.0005,388979,66112,18250,2260,13787,11260,7596,7700,3616
13/03/2020,761,0,0,80,0.1051,0.0002,431152,73616,20346,2873,15201,12715,8328,8913,4051
14/03/2020,752,0,0,107,0.1423,0.0003,397295,71315,17269,3260,12832,11179,7360,8461,3843
15/03/2020,567,0,0,197,0.3474,0.0006,320532,57527,14208,2103,10442,8956,6855,6964,3686
16/03/2020,885,0,0,316,0.3571,0.0006,491767,87701,22969,3205,17117,14505,10735,11028,5425
17/03/2020,1123,0,0,481,0.4283,0.0008,621709,111330,29043,4047,21888,17993,13231,12651,6331
18/03/2020,1298,0,0,570,0.4391,0.0008,685610,121070,32389,4419,24137,19683,13551,13118,6967
19/03/2020,1290,0,0,439,0.3403,0.0006,735075,129007,34791,4743,26493,21511,14666,14930,7666
20/03/2020,1219,0,0,351,0.2879,0.0005,669367,116937,31655,4362,23846,19059,13488,12766,6832
21/03/2020,865,0,0,245,0.2832,0.0005,457612,79017,21685,2903,16729,13131,9250,8690,4817
22/03/2020,646,0,0,159,0.2461,0.0004,367267,63842,17198,2321,13271,10664,7818,6949,4010
23/03/2020,1250,0,0,393,0.3144,0.0005,715682,125796,32961,4476,24941,19972,14137,13732,7299
24/03/2020,1329,0,0,560,0.4214,0.0007,768371,134285,34168,4650,25290,20859,14012,14387,7219
25/03/2020,1455,0,0,373,0.2564,0.0005,812706,141626,37372,4965,28249,23263,16292,15497,8261
26/03/2020,1509,0,0,655,0.4341,0.0007,922572,161918,42219,5459,31969,25823,18372,17857,8907
27/03/2020,1457,0,0,513,0.3521,0.0006,837678,147111,38906,5190,29776,23804,16714,16025,8316
28/03/2020,910,0,0,167,0.1835,0.0003,502711,87884,23027,3080,17623,13765,9559,9453,4863
29/03/2020,770,0,0,213,0.2766,0.0005,447710,76224,21447,2894,16341,13164,9464,8271,4855
30/03/2020,1301,0,0,443,0.3405,0.0006,787497,138202,36275,4801,27306,22014,15666,14626,7792
31/03/2020,1332,0,0,365,0.2740,0.0005,795950,139951,37620,5193,28326,23136,16181,15411,8171
01/04/2020,1502,0,0,580,0.3862,0.0007,842342,146974,39010,5220,29022,23937,16389,16054,8195
02/04/2020,1506,0,0,430,0.2855,0.0005,917712,159889,42305,5568,31726,26403,18303,17257,9369
03/04/2020,1371,0,0,447,0.3260,0.0005,815680,143221,37008,5325,28176,22656,16261,15247,8350
04/04/2020,1752,0,0,540,0.3082,0.0006,915334,158005,41396,6154,31076,25228,17256,16746,9072
05/04/2020,687,0,0,253,0.3683,0.0007,385523,66295,17747,2714,13228,10932,7759,7078,4125
06/04/2020,1169,0,0,434,0.3713,0.0006,711224,123090,32961,4427,24931,20391,14197,13570,7120
07/04/2020,1307,0,0,541,0.4139,0.0007,772715,133630,35903,4756,27137,21971,15090,14396,7814
08/04/2020,1336,0,0,405,0.3031,0.0005,787189,138450,35155,5008,26414,21879,15289,14678,7427
09/04/2020,1434,0,0,699,0.4874,0.0007,936554,161633,43565,5809,32062,26868,18969,18047,9679
10/04/2020,1225,0,0,492,0.4016,0.0007,725938,125208,32637,4485,24940,20325,14415,13650,7114
11/04/2020,771,0,0,339,0.4397,0.0007,470139,80398,21158,3009,15883,13110,9125,8725,4762
12/04/2020,592,0,0,123,0.2078,0.0004,318750,55032,14439,2195,10958,9070,6080,5643,3376
13/04/2020,670,0,0,210,0.3134,0.0005,423759,73901,18827,2827,14207,11705,8121,7643,4466
14/04/2020,1019,0,0,902,0.8852,0.0014,627544,109712,27881,4203,20375,17430,11715,11456,5878
15/04/2020,1284,0,0,692,0.5389,0.0010,726239,126767,33003,4828,24530,21082,14051,13658,6996
16/04/2020,1641,0,0,969,0.5905,0.0010,996687,172879,44799,6382,33119,28082,19801,18929,10165
17/04/2020,1599,0,0,627,0.3921,0.0007,930510,162828,41703,5996,30499,26022,18373,17443,9111
18/04/2020,1036,0,0,459,0.4431,0.0008,574127,99207,25298,3937,18679,15670,10958,10771,5711
19/04/2020,759,0,0,293,0.3860,0.0007,422802,72795,19183,3040,14411,11960,8496,8165,4624
20/04/2020,1389,0,0,782,0.5630,0.0009,841681,148831,36883,5952,26988,23478,16137,15710,8598
21/04/2020,1493,0,0,504,0.3376,0.0006,868353,154017,38932,5966,28046,24462,16735,16405,8438
22/04/2020,1591,0,0,834,0.5242,0.0010,876258,154220,39275,6049,27969,24280,16840,16562,8651
23/04/2020,1662,0,0,996,0.5993,0.0010,995814,174806,44610,6848,32188,28061,19485,18942,9901
24/04/2020,1460,0,0,915,0.6267,0.0011,845155,149926,36994,5884,26851,22481,16006,16042,8224
25/04/2020,967,0,0,687,0.7104,0.0013,526301,90902,23109,3984,16465,13774,9831,9460,5581
26/04/2020,723,0,0,455,0.6293,0.0011,396802,68936,17957,3020,12753,10558,7548,7210,4232
27/04/2020,1336,0,0,624,0.4671,0.0008,791568,140433,34713,5607,25389,21402,15287,14826,7829
28/04/2020,1348,0,0,870,0.6454,0.0011,826663,146053,35556,5865,25796,22448,15714,15269,7810
29/04/2020,1393,0,0,562,0.4034,0.0007,834302,148137,36829,6085,26599,23381,15840,15613,7774
30/04/2020,1545,0,0,768,0.4971,0.0008,919913,163010,40975,6762,29999,25681,18075,17658,8730
01/05/2020,345,0,0,213,0.6174,0.0007,300465,53837,13755,2243,9781,8623,6451,5498,3114
02/05/2020,856,0,0,301,0.3516,0.0007,431299,74902,19611,3359,14472,11997,8484,8284,4382
03/05/2020,695,0,0,233,0.3353,0.0006,379556,66447,16859,2830,12550,10156,7379,7280,3832
04/05/2020,1203,0,0,703,0.5844,0.0009,745557,132981,32065,5436,23717,19820,14170,13948,7027
05/05/2020,1270,0,0,762,0.6000,0.0010,748421,132559,32656,5482,23786,20213,14324,13934,7159
06/05/2020,1380,0,0,783,0.5674,0.0010,804514,141775,35788,5592,26290,22084,15459,15304,7662
07/05/2020,1472,0,0,513,0.3485,0.0006,929986,164460,42086,6619,30869,26198,18397,17670,9407
08/05/2020,891,0,0,358,0.4018,0.0007,530022,92561,24883,3978,18065,15214,10893,10065,5743
09/05/2020,752,0,0,169,0.2247,0.0004,422316,74319,18926,3556,13910,11723,8117,7894,4323
10/05/2020,580,0,0,148,0.2552,0.0004,345899,59792,16268,2913,12101,9920,7075,6759,3786
11/05/2020,1107,0,0,293,0.2647,0.0005,630298,111217,28120,4532,20437,17254,12291,11896,6113
12/05/2020,1091,0,0,340,0.3116,0.0005,655388,117178,28999,4756,21070,18175,12830,12359,6529
13/05/2020,1232,0,0,722,0.5860,0.0010,728806,128445,32923,5432,24478,20189,14624,14077,7159
14/05/2020,1341,0,0,1381,1.0298,0.0016,876218,154094,39226,6129,28685,23765,17403,17157,8712
15/05/2020,1195,0,0,1278,1.0695,0.0018,708560,125602,30913,5504,22533,19222,13700,13393,6900
16/05/2020,692,0,0,241,0.3483,0.0006,390144,68107,16815,3116,12426,10385,7660,7479,3896
17/05/2020,552,0,0,160,0.2899,0.0005,314377,54574,14115,2454,10353,8597,6615,5896,3541
18/05/2020,1176,0,0,877,0.7457,0.0013,696682,124050,29594,5194,21890,18364,14022,13619,6854
19/05/2020,1198,0,0,790,0.6594,0.0012,674804,119685,29734,4482,21605,18763,13568,12887,6968
20/05/2020,1424,0,0,731,0.5133,0.0010,759607,134462,33811,5341,24924,20991,15726,14562,7682
21/05/2020,878,0,0,390,0.4442,0.0008,467775,83608,20210,3599,14786,12755,9203,8955,4931
22/05/2020,1013,0,0,618,0.6101,0.0011,558098,98046,25598,3887,18970,15624,12142,10917,6198
23/05/2020,758,0,0,222,0.2929,0.0005,407861,71732,18113,3128,13612,11486,8620,8448,4538
24/05/2020,591,0,0,348,0.5888,0.0010,350440,59937,16257,2648,12514,9800,7676,6977,4105
25/05/2020,937,0,0,415,0.4429,0.0008,551835,97671,23630,3963,17748,14448,11192,10562,5489
26/05/2020,1047,0,0,732,0.6991,0.0012,601800,106149,26388,4355,19387,16284,12407,11482,6026
27/05/2020,1136,0,0,546,0.4806,0.0008,650619,115045,28825,4513,21244,17634,13858,12708,6524
28/05/2020,1231,0,0,438,0.3558,0.0006,735078,131108,32676,5245,24166,19879,16125,14625,7481
29/05/2020,974,0,0,454,0.4661,0.0008,588311,103707,25735,4279,19018,16453,11877,10737,5904
30/05/2020,676,0,0,428,0.6331,0.0012,347232,60146,14943,2729,11038,9106,6688,6576,3316
31/05/2020,499,0,0,96,0.1924,0.0004,266655,46986,11330,2169,8644,7077,5299,5227,2781
01/06/2020,710,0,0,178,0.2507,0.0004,409975,72104,18370,3060,13565,11382,8626,8236,4156
02/06/2020,877,0,0,188,0.2144,0.0004,473581,84293,20453,3377,15293,12457,9683,9010,4794
03/06/2020,921,0,0,210,0.2280,0.0004,495468,88647,21319,3543,15879,13324,10264,9624,4906
04/06/2020,1149,0,0,564,0.4909,0.0008,673587,119775,30019,4806,22367,18501,14555,13431,6878
05/06/2020,928,0,0,220,0.2371,0.0004,549044,96677,23841,3997,17465,14913,11257,10523,5708
06/06/2020,579,0,0,75,0.1295,0.0002,301907,53330,13030,2468,9802,8170,6117,6003,3026
07/06/2020,460,0,0,77,0.1674,0.0003,252885,44508,11204,2081,8356,6841,5347,5088,2560
08/06/2020,900,0,0,239,0.2656,0.0005,499830,88899,21591,3756,16362,13622,10176,9775,4646
09/06/2020,976,0,0,358,0.3668,0.0007,540906,96996,22616,4052,17023,14740,10584,10418,4995
10/06/2020,990,0,0,148,0.1495,0.0003,522072,94372,22632,3823,16836,14440,11188,10513,4990
11/06/2020,1057,0,0,332,0.3141,0.0005,629558,111227,27412,4558,20564,17755,13044,12407,6195
12/06/2020,976,0,0,295,0.3023,0.0005,550906,97682,24021,3733,18395,15345,11286,11266,5212
13/06/2020,638,0,0,352,0.5517,0.0011,308939,54987,13214,2354,9801,8359,6530,6257,2989
14/06/2020,487,0,0,127,0.2608,0.0005,257788,45965,10945,2179,8323,6936,5341,5158,2706
15/06/2020,889,0,0,437,0.4916,0.0009,485333,87842,20445,3705,15134,12840,9871,9655,4311
16/06/2020,796,0,0,1012,1.2714,0.0022,462800,82985,19590,3346,14705,12434,9056,8709,4200
17/06/2020,1070,0,0,762,0.7121,0.0013,567965,102128,23742,4033,18314,15234,11680,11886,5324
18/06/2020,1021,0,0,555,0.5436,0.0009,588879,103991,26193,4099,19155,16592,12513,11783,5927
19/06/2020,847,0,0,271,0.3200,0.0006,455370,81076,19602,3224,14457,12489,9604,9143,4691
20/06/2020,583,0,0,27,0.0463,0.0001,298624,53083,12891,2263,9813,8385,6340,6157,3015
21/06/2020,441,0,0,65,0.1474,0.0003,228320,40812,9602,1864,7185,6189,4891,4505,2214
22/06/2020,789,0,0,74,0.0938,0.0002,421947,75283,17979,3146,13535,11342,9165,8620,4355
23/06/2020,858,0,0,151,0.1760,0.0003,465690,82942,20052,3319,14638,12573,9844,9246,4787
24/06/2020,1059,0,0,216,0.2040,0.0004,592548,105060,25441,4073,18890,16085,12654,12167,5891
25/06/2020,1119,0,0,396,0.3539,0.0006,642718,113644,27600,4472,20462,17389,14194,12835,6675
26/06/2020,996,0,0,466,0.4679,0.0009,531397,94290,23515,3596,18336,14689,11783,11538,5568
27/06/2020,626,0,0,219,0.3498,0.0007,297045,53125,12583,2355,9294,7925,6480,6581,3139
28/06/2020,395,0,0,98,0.2481,0.0005,178373,32239,7442,1402,5638,5027,4078,4010,2034
29/06/2020,689,0,0,163,0.2366,0.0004,389470,70159,16516,2568,12207,10759,8516,8087,4035
30/06/2020,771,0,0,285,0.3696,0.0007,414264,74439,17309,2902,12686,11146,8522,8079,4019
01/07/2020,1021,0,0,261,0.2556,0.0005,564648,101550,24628,3979,18070,15613,11901,11057,5722
02/07/2020,938,0,0,289,0.3081,0.0005,526427,93106,22483,3946,16448,14254,10733,10472,5151
03/07/2020,801,0,0,102,0.1273,0.0002,451853,81102,19316,3329,14347,12106,9340,9246,4588
04/07/2020,572,0,0,96,0.1678,0.0003,277597,50431,12342,2448,9212,7757,5924,5877,2989
05/07/2020,382,0,0,107,0.2801,0.0006,186967,33181,8011,1708,5798,5048,3928,3796,1938
06/07/2020,745,0,0,314,0.4215,0.0007,429348,76313,18554,2932,13759,11570,8546,8735,4196
07/07/2020,788,0,0,326,0.4137,0.0007,438714,77387,18549,3082,13798,11662,8831,8179,4249
08/07/2020,829,0,0,273,0.3293,0.0006,463293,82080,19851,3237,14550,12452,9435,9115,4573
09/07/2020,869,0,0,135,0.1554,0.0003,494636,88013,20934,3557,15899,13553,9708,9627,4630
10/07/2020,832,0,0,287,0.3450,0.0007,434570,77090,18169,3198,13818,12018,8598,8415,4153
11/07/2020,507,0,0,55,0.1085,0.0002,251656,44548,10801,2000,7937,6847,5075,5109,2538
12/07/2020,334,0,0,48,0.1437,0.0003,187264,32828,7769,1386,5737,4800,3985,3485,1778
13/07/2020,685,0,0,341,0.4978,0.0009,368964,66214,15789,2662,11768,10036,7628,7077,3493
14/07/2020,589,0,0,257,0.4363,0.0008,312576,56859,13226,2362,10096,8466,6439,6143,2968
15/07/2020,762,0,0,570,0.7480,0.0015,388024,70557,16105,2923,11875,10049,7681,7459,3553
16/07/2020,825,0,0,507,0.6145,0.0011,457184,82725,19673,3399,14503,12222,9301,8943,4431
17/07/2020,735,0,0,247,0.3361,0.0006,412746,74146,17464,2929,12982,10779,8413,7962,3798
18/07/2020,442,0,0,77,0.1742,0.0003,233669,41006,10281,1735,7725,6440,5095,4676,2382
19/07/2020,333,0,0,111,0.3333,0.0006,177956,31420,7441,1474,5620,4742,3459,3486,1806
20/07/2020,637,0,0,698,1.0958,0.0020,340537,60504,14294,2394,10436,9134,6480,6473,3256
21/07/2020,760,0,0,867,1.1408,0.0023,375847,66839,15319,2492,11069,9916,7141,7175,3216
22/07/2020,728,0,0,561,0.7706,0.0015,384471,68828,16386,2727,12013,10430,7893,7489,3532
23/07/2020,797,0,0,466,0.5847,0.0009,510685,91049,21732,3562,15747,14037,9871,9901,4662
24/07/2020,660,0,0,556,0.8424,0.0016,350116,62464,15317,2550,11360,9605,7293,7013,3232
25/07/2020,468,0,0,413,0.8825,0.0017,236828,42393,9653,1793,7287,6041,4420,4572,2147
26/07/2020,331,0,0,197,0.5952,0.0011,178630,31557,7469,1371,5655,4517,3782,3501,1660
27/07/2020,669,0,0,735,1.0987,0.0020,373349,66293,15977,2754,11913,10164,7520,6999,3393
28/07/2020,710,0,0,423,0.5958,0.0011,383268,69242,16078,3115,11570,10429,7189,7216,3407
29/07/2020,822,0,0,590,0.7178,0.0015,402245,72644,16545,3010,12013,10555,7256,7549,3160
30/07/2020,893,0,0,374,0.4188,0.0007,535473,93827,23542,3643,15841,14588,10059,9736,4815
31/07/2020,862,0,0,671,0.7784,0.0014,469805,84497,21059,3417,14821,13733,9310,9380,4057
01/08/2020,490,0,0,400,0.8163,0.0015,269217,47344,11331,2009,8286,6931,5273,5152,2512
02/08/2020,278,0,0,172,0.6187,0.0010,164289,28925,6681,1295,4998,4185,2983,3264,1490
03/08/2020,595,0,0,394,0.6622,0.0012,322725,56339,13966,2324,10314,8893,6336,6280,3022
04/08/2020,689,0,0,475,0.6894,0.0013,366472,64777,16250,2787,11703,9983,6867,7015,3424
05/08/2020,690,0,0,422,0.6116,0.0013,323594,58383,14377,2408,10603,9433,6605,6404,3009
06/08/2020,629,0,0,512,0.8140,0.0015,347299,60967,15882,2644,11652,9975,7512,6793,3592
07/08/2020,561,0,0,300,0.5348,0.0010,301822,53683,13574,2262,9891,8555,6432,5907,3015
08/08/2020,337,0,0,70,0.2077,0.0004,169900,29656,7472,1291,5568,4528,3421,3639,1727
09/08/2020,238,0,0,66,0.2773,0.0005,121286,21179,5575,1037,4252,3293,2654,2389,1270
10/08/2020,498,0,0,77,0.1546,0.0003,257776,46409,11178,1852,8573,7023,5336,4970,2486
11/08/2020,561,0,0,1102,1.9643,0.0037,300659,52895,13355,2206,9832,7996,6494,5787,3009
12/08/2020,576,0,0,1289,2.2378,0.0042,304875,53185,13529,2104,9785,8145,6034,5679,2918
13/08/2020,589,0,0,390,0.6621,0.0013,300884,54171,13091,2252,9473,8212,5982,5817,2846
14/08/2020,538,0,0,351,0.6524,0.0013,268243,47673,11424,1862,8245,6928,5023,4944,2420
15/08/2020,301,0,0,115,0.3821,0.0008,142338,25381,6129,1169,4687,3780,2759,3034,1357
16/08/2020,267,0,0,213,0.7978,0.0015,137776,24696,6207,1111,4689,3892,2739,2871,1462
17/08/2020,506,0,0,435,0.8597,0.0016,266307,46350,11402,1857,8354,7005,5286,5082,2536
18/08/2020,572,0,0,412,0.7203,0.0014,299791,52969,13539,2009,9742,8160,6146,5924,2981
19/08/2020,535,0,0,516,0.9645,0.0018,290430,51080,12520,1953,8948,7548,5547,5663,2740
20/08/2020,562,0,0,533,0.9484,0.0017,322428,57329,14166,2269,10363,8759,6489,6040,3386
21/08/2020,596,0,0,371,0.6225,0.0011,327575,57396,14514,2284,10356,8955,6110,6256,3341
22/08/2020,354,0,0,188,0.5311,0.0010,184043,32024,8291,1382,6212,4992,3575,3666,1858
23/08/2020,257,0,0,62,0.2412,0.0004,138450,24448,5932,1097,4541,3563,2700,2864,1451
24/08/2020,608,0,0,360,0.5921,0.0010,344236,60807,15138,2639,11112,8906,6805,6554,3537
25/08/2020,629,0,0,425,0.6757,0.0014,313467,55144,13307,2514,9873,8169,6194,5852,3166
26/08/2020,669,0,0,388,0.5800,0.0011,362889,64559,15269,2802,11087,9143,7171,6912,3637
27/08/2020,664,0,0,338,0.5090,0.0008,403897,72333,17075,2978,12418,10399,7791,7452,3822
28/08/2020,675,0,0,179,0.2652,0.0005,394340,70468,17027,2808,13906,10570,8048,8074,4082
29/08/2020,396,0,0,84,0.2121,0.0004,216655,38486,9554,1709,6883,5597,4530,4356,2372
30/08/2020,242,0,0,76,0.3140,0.0005,153587,27670,6891,1223,4957,3954,3206,2982,1724
31/08/2020,544,0,0,208,0.3824,0.0007,310470,54742,13349,2410,9760,8035,6242,5721,3219
01/09/2020,674,0,0,367,0.5445,0.0010,377934,67370,15742,3089,11350,9260,6840,7037,3641
02/09/2020,632,0,0,275,0.4351,0.0008,354154,63424,14807,2927,10603,9120,6500,6581,3155
03/09/2020,785,0,0,823,1.0484,0.0018,460884,82406,19551,3223,13884,11924,9174,8712,4416
04/09/2020,688,0,0,677,0.9840,0.0017,388431,68872,16552,2906,11962,10142,7535,7342,3451
05/09/2020,437,0,0,294,0.6728,0.0013,219457,38728,9315,1866,6924,5740,4081,4264,1998
06/09/2020,354,0,0,381,1.0763,0.0023,167061,29392,6774,1371,4929,4185,3191,3241,1522
07/09/2020,556,0,0,348,0.6259,0.0010,342190,61080,14448,2617,10565,8806,6796,6201,3155
08/09/2020,605,0,0,305,0.5041,0.0010,319289,56026,14173,2114,10272,8639,6173,5859,3013
09/09/2020,885,0,0,1014,1.1458,0.0023,449188,79827,18509,3474,13773,11547,8450,8468,3908
10/09/2020,1562,0,0,1408,0.9014,0.0015,968869,171704,42542,6919,30760,25685,18981,18845,9350
11/09/2020,722,0,0,359,0.4972,0.0010,367520,64918,15747,2691,11681,9477,7078,6936,3416
12/09/2020,562,0,0,199,0.3541,0.0008,260309,45510,11017,1967,8149,6505,4797,4886,2363
13/09/2020,287,0,0,92,0.3206,0.0006,141577,25249,6388,1140,4676,3912,2981,2851,1475
14/09/2020,705,0,0,555,0.7872,0.0014,391288,70134,16762,2929,12307,10208,7789,7593,3778
15/09/2020,818,0,0,354,0.4328,0.0009,406742,72415,17097,2825,12721,10813,8170,7918,3840
16/09/2020,842,0,0,380,0.4513,0.0009,432414,77073,18595,3116,13691,11276,8765,8273,4022
17/09/2020,863,0,0,543,0.6292,0.0010,519007,92576,22100,3477,16149,13502,10638,9855,4881
18/09/2020,756,0,0,381,0.5040,0.0009,407174,71810,17392,2820,12809,10605,8090,7486,3801
19/09/2020,489,0,0,116,0.2372,0.0005,223031,39629,9715,1797,7096,5978,4461,4496,2318
20/09/2020,282,0,0,65,0.2305,0.0005,130345,23036,5624,1100,4066,3303,2634,2811,1439
21/09/2020,556,0,0,189,0.3399,0.0006,300519,52984,13629,2129,9752,8181,6301,5817,3198
22/09/2020,735,0,0,480,0.6531,0.0012,389643,70117,16514,2917,11772,9946,7686,6989,3711
23/09/2020,746,0,0,342,0.4584,0.0008,403193,71835,17352,2830,12818,10785,8318,7601,3772
24/09/2020,898,0,0,352,0.3920,0.0007,471236,84245,20727,3178,15402,12806,10435,9626,4639
25/09/2020,869,0,0,427,0.4914,0.0009,497334,88890,22079,3293,16728,13805,10790,9944,5036
26/09/2020,526,0,0,196,0.3726,0.0008,257420,45857,11382,1958,8336,6789,5322,5095,2561
27/09/2020,352,0,0,132,0.3750,0.0008,165357,29080,7363,1335,5452,4328,3401,3322,1606
28/09/2020,508,0,0,221,0.4350,0.0007,295606,52674,13136,2000,9846,8288,5996,5460,2940
29/09/2020,743,0,0,476,0.6406,0.0012,411290,73410,17548,2900,12933,11121,8121,7873,3990
30/09/2020,728,0,0,415,0.5701,0.0010,397060,70617,17152,3055,12638,10566,7911,7636,3852
01/10/2020,665,0,0,513,0.7714,0.0012,414431,74772,17785,2781,13535,10891,8554,8097,4184
02/10/2020,762,0,0,603,0.7913,0.0014,426450,74435,18425,2835,13601,11136,8874,8154,4247
03/10/2020,423,0,0,401,0.9480,0.0018,228355,38730,10519,1443,7980,6240,5060,4188,2376
04/10/2020,277,0,0,382,1.3791,0.0024,158274,27246,7102,948,5459,4307,3400,3140,1682
05/10/2020,662,0,0,383,0.5785,0.0010,368923,64591,16139,2477,12668,9914,8036,7641,3746
06/10/2020,777,0,0,364,0.4685,0.0009,394568,69806,16585,2572,12750,10429,7755,7624,3562
07/10/2020,812,0,0,606,0.7463,0.0015,407933,71285,18072,2832,13377,11044,8331,8010,3945
08/10/2020,771,0,0,613,0.7951,0.0013,473666,83772,20635,3220,15701,12684,9699,9191,4724
09/10/2020,712,0,0,291,0.4087,0.0008,373019,67087,16326,2559,12367,10327,7766,7675,3588
10/10/2020,564,0,0,160,0.2837,0.0006,286878,50673,12332,1923,9353,7872,5752,5873,2889
11/10/2020,307,0,0,170,0.5537,0.0010,176664,30978,7843,1194,6135,4660,3865,3555,1859
12/10/2020,618,0,0,736,1.1909,0.0022,333170,58786,14635,2082,10783,9334,6907,6611,3216
13/10/2020,890,0,0,1082,1.2157,0.0023,478808,83603,21004,3036,15454,12996,9663,9262,4620
14/10/2020,941,0,0,788,0.8374,0.0016,492943,86892,21502,3361,15828,13684,9693,9451,4528
15/10/2020,946,0,0,691,0.7304,0.0012,555506,97146,24180,3607,18046,15173,11407,10829,5113
16/10/2020,869,0,0,994,1.1438,0.0020,492125,85158,21694,3331,16198,13246,9779,9955,4617
17/10/2020,525,0,0,264,0.5029,0.0011,243401,41380,11097,1832,8064,6840,4872,4856,2192
18/10/2020,331,0,0,100,0.3021,0.0006,163446,28953,6993,1329,5242,4289,3458,3227,1623
19/10/2020,599,0,0,433,0.7229,0.0013,321392,56521,13713,2295,9950,8406,6553,6172,2924
20/10/2020,739,0,0,553,0.7483,0.0013,419506,73872,17892,2764,13028,11141,8667,8082,3921
21/10/2020,723,0,0,546,0.7552,0.0015,367133,64575,15712,2493,11401,9909,7234,6858,3433
22/10/2020,846,0,0,436,0.5154,0.0010,457064,81557,18844,3041,14063,11996,8779,8862,3769
23/10/2020,881,0,0,775,0.8797,0.0016,476350,82117,21231,3132,15662,13636,9368,8934,4393
24/10/2020,590,0,0,655,1.1102,0.0024,272776,46744,12344,1923,9094,7842,5472,5435,2308
25/10/2020,426,0,0,177,0.4155,0.0010,185741,32046,8453,1383,6315,5232,4156,3901,1851
26/10/2020,634,0,0,511,0.8060,0.0015,342114,59805,14866,2246,10945,9361,7091,6715,3161
27/10/2020,829,0,0,559,0.6743,0.0013,427591,73178,19351,3020,13845,12121,8761,8264,3976
28/10/2020,964,0,0,574,0.5954,0.0011,515818,89320,23507,3196,17236,14955,10714,10164,4592
29/10/2020,1013,0,0,504,0.4975,0.0009,590592,103042,26881,4171,19625,17403,12074,11588,5390
30/10/2020,859,0,0,404,0.4703,0.0008,491716,86684,22153,3386,15902,13936,10092,9901,4817
31/10/2020,586,0,0,74,0.1263,0.0003,269650,46589,12502,1891,9050,7927,5767,5293,2499
01/11/2020,350,0,0,64,0.1829,0.0004,177560,30967,8195,1348,5992,5137,3919,3384,1882
02/11/2020,677,0,0,161,0.2378,0.0004,368619,65101,16387,2638,12201,10217,7834,6857,3473
03/11/2020,723,0,0,265,0.3665,0.0007,393924,68873,17903,2810,13478,11099,9021,7604,3795
04/11/2020,791,0,0,399,0.5044,0.0010,402418,68479,17652,2829,13284,11119,8241,7954,3489
05/11/2020,893,0,0,486,0.5442,0.0010,487845,84860,21987,3235,16445,14099,9672,9458,4473
06/11/2020,858,0,0,295,0.3438,0.0006,473875,81461,21381,3128,16149,13576,9522,8913,4368
07/11/2020,469,0,0,207,0.4414,0.0008,261207,44686,12482,1674,9351,7655,6089,5225,2839
08/11/2020,396,0,0,148,0.3737,0.0008,194343,32892,9373,1308,7002,5696,4489,3868,2204
09/11/2020,857,0,0,2012,2.3477,0.0044,456110,78111,19737,3213,14635,12224,9155,8514,4020
10/11/2020,949,0,0,3530,3.7197,0.0071,499296,86172,21614,3325,15708,13522,9755,9298,4218
11/11/2020,717,0,0,1915,2.6709,0.0058,329266,56961,14100,2154,10211,8902,6056,6020,2841
12/11/2020,889,0,0,1843,2.0731,0.0036,510590,88596,22098,3478,16071,13477,10037,9389,4718
13/11/2020,889,0,0,1440,1.6198,0.0030,485044,84390,21535,3363,15481,13600,9372,8844,4312
14/11/2020,560,0,0,915,1.6339,0.0032,285371,48435,12644,2142,9087,7808,5678,5322,2573
15/11/2020,400,0,0,637,1.5925,0.0034,189277,31966,8623,1349,6251,5370,3943,3691,1788
16/11/2020,783,0,0,2368,3.0243,0.0055,432076,75719,18420,2867,13386,11472,8358,8155,3803
17/11/2020,890,0,0,2477,2.7831,0.0050,494560,85953,21526,3352,15971,13627,9832,9272,4507
18/11/2020,903,0,0,2639,2.9225,0.0057,463536,80183,20235,2992,14909,12498,9158,8545,4339
19/11/2020,899,0,0,2253,2.5061,0.0046,490573,84521,21179,3345,15526,13112,9470,9252,4214
20/11/2020,894,0,0,2503,2.7998,0.0051,492846,85190,21778,3357,16138,13404,9916,9359,4637
21/11/2020,734,0,0,683,0.9305,0.0021,330580,57446,14149,2337,10200,8856,6328,6589,2901
22/11/2020,391,0,0,774,1.9795,0.0041,188921,32976,8210,1422,6017,4919,3936,3596,1755
23/11/2020,752,0,0,2818,3.7473,0.0066,423813,72471,18171,2834,13083,10897,8199,7529,3774
24/11/2020,805,0,0,1918,2.3826,0.0044,440891,76649,18265,2995,13250,11096,8338,7964,3915
25/11/2020,842,0,0,1345,1.5974,0.0031,431726,75931,18566,2937,13263,11410,8034,7947,3895
26/11/2020,751,0,0,1654,2.2024,0.0036,463747,82093,19773,3270,14864,12387,9082,8778,4158
27/11/2020,623,0,0,1162,1.8652,0.0033,356216,63379,15285,2484,11069,9378,7054,6836,3486
28/11/2020,447,0,0,684,1.5302,0.0033,209792,36155,9035,1503,6419,5564,4002,3932,1946
29/11/2020,315,0,0,395,1.2540,0.0022,180861,31216,7808,1332,5801,4840,3619,3328,1717
30/11/2020,630,0,0,1449,2.3000,0.0041,357161,62530,15538,2559,11358,9568,7408,6672,3308
01/12/2020,776,0,0,2100,2.7062,0.0049,427582,75225,18848,3069,13670,11509,8840,8083,3998
02/12/2020,796,0,0,2998,3.7663,0.0065,464040,81456,20300,3068,14916,12635,9449,8853,4427
03/12/2020,873,0,0,3415,3.9118,0.0065,526601,91883,22534,3482,16567,13884,10686,9333,4878
04/12/2020,678,0,0,2802,4.1327,0.0077,365774,63899,15210,2355,11120,9357,7116,6440,3398
05/12/2020,489,0,0,1412,2.8875,0.0056,251354,42872,11085,1815,8119,6907,5135,4899,2494
06/12/2020,289,0,0,653,2.2595,0.0037,177258,29976,8057,1362,6052,4858,3875,3711,1960
07/12/2020,568,0,0,1165,2.0511,0.0037,314070,55793,13012,2198,9815,8267,6387,5824,2872
08/12/2020,755,0,0,1955,2.5894,0.0053,369834,65578,15502,2586,11486,9718,7083,6759,3164
09/12/2020,763,0,0,2287,2.9974,0.0059,387136,68485,16079,2689,11645,10068,7209,7109,3162
10/12/2020,783,0,0,2215,2.8289,0.0049,449328,79581,19274,3015,13892,11671,8796,8075,4059
11/12/2020,730,0,0,2333,3.1959,0.0055,422903,75236,18041,2787,13396,11372,8331,7825,3854
12/12/2020,482,0,0,1487,3.0851,0.0065,229490,40462,9684,1654,7173,5952,4232,4451,1995
13/12/2020,338,0,0,521,1.5414,0.0031,167568,29481,7164,1215,5456,4606,3119,3442,1526
14/12/2020,762,0,0,2144,2.8136,0.0051,423592,75008,17680,2915,13053,11280,8190,8078,3724
15/12/2020,669,0,0,1846,2.7593,0.0051,359322,64296,15316,2424,11244,9818,7115,6826,3221
16/12/2020,774,0,0,2265,2.9264,0.0052,433341,77193,18549,3319,13668,11389,8583,7908,4042
17/12/2020,854,0,0,2748,3.2178,0.0056,491845,86027,20495,3486,15052,12523,9098,8836,4482
18/12/2020,728,0,0,1860,2.5549,0.0045,412731,71182,16904,2807,12530,10411,7536,7494,3698
19/12/2020,565,0,0,1279,2.2637,0.0048,266249,45784,11151,2018,8031,6983,4981,5278,2474
20/12/2020,428,0,0,1311,3.0631,0.0061,215815,37516,8879,1647,6755,5360,4030,4222,2308
21/12/2020,774,0,0,2687,3.4716,0.0065,413898,70383,17781,2694,13718,11045,7724,8086,4636
22/12/2020,736,0,0,2837,3.8546,0.0069,413280,72098,17776,2943,13287,11000,7910,7816,4145
23/12/2020,736,0,0,2105,2.8601,0.0055,383567,67736,16537,2635,12413,10211,7189,7316,3735
24/12/2020,540,0,0,1366,2.5296,0.0047,292331,50657,12429,2321,9320,7710,5362,5655,2840
25/12/2020,263,0,0,841,3.1977,0.0060,141002,24429,5811,1046,4490,3554,2501,2704,1379
26/12/2020,418,0,0,1835,4.3900,0.0082,223438,38151,9335,1668,7146,5823,4298,4165,2176
27/12/2020,367,16,16,2337,6.3678,0.0117,199194,33440,8486,1516,6639,5207,3980,3559,1941
28/12/2020,596,57,73,2700,4.5302,0.0084,321615,54635,14044,2409,10739,8590,6827,5620,3386
29/12/2020,677,104,177,2132,3.1492,0.0058,368862,63811,16369,2653,12414,10241,8091,6896,3978
30/12/2020,735,110,287,3744,5.0939,0.0095,392779,67587,16776,2904,12706,10542,7929,7043,3902
31/12/2020,686,81,368,2473,3.6050,0.0061,405314,69120,18025,2973,13381,11263,8604,7714,4025
01/01/2021,302,50,418,933,3.0894,0.0052,178760,31170,8127,1496,6023,4964,3828,3543,1863
02/01/2021,435,71,489,1207,2.7747,0.0056,216205,37485,8942,1876,6922,5539,3992,4105,1978
03/01/2021,356,85,574,1510,4.2416,0.0089,169422,28978,7473,1317,5840,4702,3392,3141,1605
04/01/2021,720,1460,2034,4689,6.5125,0.0107,437080,74061,18680,3090,14181,11237,8810,7550,4270
05/01/2021,806,5324,7358,5026,6.2357,0.0112,446924,76811,18731,3103,14283,11131,8584,7456,4260
06/01/2021,844,11204,18562,5436,6.4408,0.0119,457310,78823,18615,3219,14369,11275,8648,7935,4333
07/01/2021,821,28346,46908,4374,5.3276,0.0099,441239,75732,18971,3000,14654,11627,8624,7920,3960
08/01/2021,750,35773,82681,4192,5.5893,0.0105,397789,68759,16398,2717,12534,9915,7124,6732,3600
09/01/2021,623,10849,93530,2555,4.1011,0.0088,291370,50388,12271,2263,9016,7308,5277,5325,2574
10/01/2021,284,5593,99123,1483,5.2218,0.0090,164365,27921,6840,1184,5120,4025,3089,2571,1558
11/01/2021,749,38494,137617,3093,4.1295,0.0078,395609,68488,16694,2694,12857,9922,7207,6614,3759
12/01/2021,863,59789,197406,3714,4.3036,0.0085,439360,77323,18503,2902,13899,11135,8164,7579,4145
13/01/2021,959,62776,260182,3840,4.0042,0.0078,492967,85618,20886,3280,15815,13119,9250,8640,4400
14/01/2021,899,78925,339107,3849,4.2814,0.0076,504554,87428,21558,3290,16065,13012,9424,8845,4785
15/01/2021,894,66599,405706,3575,3.9989,0.0074,485848,85518,20426,3123,14840,12221,9439,8511,4633
16/01/2021,755,19548,425254,3906,5.1735,0.0113,344627,60426,13983,2402,10300,8215,6306,5937,3165
17/01/2021,464,10424,435678,2327,5.0151,0.0096,243390,42655,9963,1865,7467,5874,4741,4317,2399
18/01/2021,926,83663,519341,4799,5.1825,0.0092,520906,90964,21926,3543,16507,13287,10137,9329,4976
19/01/2021,1095,127397,646738,5430,4.9589,0.0099,549073,94354,23454,3834,17207,14141,10600,9632,5353
20/01/2021,1137,133841,780579,4418,3.8857,0.0081,543073,95016,23039,3847,16608,13837,11052,9640,5209
21/01/2021,1104,153809,934388,4691,4.2491,0.0080,589184,103273,25172,4209,18382,15040,11588,10915,5587
22/01/2021,998,117360,1051748,3981,3.9890,0.0074,538098,94768,22999,3658,17200,14133,10560,9812,5089
23/01/2021,768,37682,1089430,3182,4.1432,0.0094,340117,59265,14366,2452,10866,8725,6281,6179,3072
24/01/2021,546,9296,1098726,2162,3.9597,0.0081,267335,46013,11043,1737,8588,6463,5413,4931,2741
25/01/2021,914,76287,1175013,3326,3.6389,0.0075,444395,76892,18495,2863,13731,10989,8698,8029,4204
26/01/2021,1110,97858,1272871,5466,4.9243,0.0098,560369,96697,24447,3629,18134,14772,11854,10195,5427
27/01/2021,1178,104932,1377803,4785,4.0620,0.0080,600089,104151,26091,3833,19180,15951,12442,10804,5671
28/01/2021,1174,121204,1499007,5158,4.3935,0.0082,630110,108935,27499,4036,20186,16660,12667,11262,5931
29/01/2021,1083,90096,1589103,6095,5.6279,0.0110,555749,95882,24286,3488,17650,14862,11181,9851,5301
30/01/2021,698,28577,1617680,3102,4.4441,0.0093,333152,58050,14258,2383,10712,8471,6492,6162,3237
31/01/2021,456,4848,1622528,1850,4.0570,0.0076,243344,42061,10517,1730,7856,6273,5070,4447,2798
01/02/2021,861,51175,1673703,3682,4.2764,0.0084,438643,78153,18333,3021,13523,11254,8920,8139,4156
02/02/2021,891,69967,1743670,4423,4.9641,0.0094,469829,82759,19531,3206,14337,12149,9078,8218,4261
03/02/2021,994,70487,1814157,5948,5.9839,0.0119,500864,86720,20922,3381,14890,12551,9797,8465,4833
04/02/2021,939,79626,1893783,4697,5.0021,0.0087,538045,92271,23289,3413,16865,14233,10882,9293,5444
05/02/2021,898,66368,1960151,3580,3.9866,0.0078,458551,79693,19896,3169,14370,12340,9007,8052,4485
06/02/2021,694,21160,1981311,2597,3.7421,0.0086,301124,51515,12849,2210,9415,7976,5971,5662,2824
07/02/2021,442,4801,1986112,1804,4.0814,0.0087,206688,35298,8940,1697,6436,5253,4084,3894,2054
08/02/2021,707,45605,2031717,3388,4.7921,0.0090,376667,65095,15561,2547,11157,9404,7430,6601,3542
09/02/2021,842,64278,2095995,3107,3.6900,0.0071,435502,75505,18196,2920,13167,10853,7990,7626,3898
10/02/2021,925,68490,2164485,3855,4.1676,0.0081,474394,82621,19787,3246,14484,11797,8655,8303,4427
11/02/2021,836,84436,2248921,3154,3.7727,0.0069,459641,79780,19588,3040,13792,12156,8719,8307,4319
12/02/2021,832,76691,2325612,3336,4.0096,0.0079,420198,72371,17788,2745,12764,10828,7950,7583,3890
13/02/2021,598,21487,2347099,2345,3.9214,0.0095,247984,41440,10219,1817,7574,6270,4711,4457,2349
14/02/2021,449,4527,2351626,1942,4.3252,0.0091,212733,37027,8520,1623,6375,5190,3972,3789,1846
15/02/2021,1378,36589,2388215,5540,4.0203,0.0082,672024,116271,26984,4616,19850,16465,12710,11686,6230
16/02/2021,820,48586,2436801,3070,3.7439,0.0074,416137,71614,17365,2931,12714,10913,7883,7322,3684
17/02/2021,927,48778,2485579,4234,4.5674,0.0091,465721,82053,19260,3284,14002,11443,8911,8069,4058
18/02/2021,932,66605,2552184,3702,3.9721,0.0074,499344,87437,20721,3137,15154,12904,9474,9004,4481
19/02/2021,859,62792,2614976,2974,3.4622,0.0074,402861,71314,16624,2790,12163,10466,7608,7441,3545
20/02/2021,611,17814,2632790,2792,4.5696,0.0102,272683,46773,10836,2054,7588,6539,4769,4983,2470
21/02/2021,382,2833,2635623,1302,3.4084,0.0071,182712,31755,7560,1520,5742,4501,3512,3592,1771
22/02/2021,708,35841,2671464,3393,4.7924,0.0094,360661,63668,14971,2424,11236,9007,7349,6431,3634
23/02/2021,764,51760,2723224,3056,4.0000,0.0076,403104,70547,16761,2893,12112,10182,8072,7120,4036
24/02/2021,874,56822,2780046,3924,4.4897,0.0084,468734,82759,18918,3150,13739,11568,8947,8261,3964
25/02/2021,1051,96692,2876738,4932,4.6927,0.0084,587485,103153,24335,3746,17845,15186,11292,10649,5162
26/02/2021,924,109762,2986500,4566,4.9416,0.0098,466870,81261,19559,3038,14539,12018,8913,8176,4065
27/02/2021,639,50079,3036579,2047,3.2034,0.0068,302615,53331,12729,2229,9480,7666,5948,5439,2855
28/02/2021,456,5579,3042158,2096,4.5965,0.0091,230770,40404,9918,1786,7511,6065,4739,4431,2217
01/03/2021,695,61537,3103695,2997,4.3122,0.0082,366520,63754,15171,2382,11112,9157,7326,6504,3439
02/03/2021,817,96907,3200602,3961,4.8482,0.0101,393844,68819,16516,2778,12055,10159,7720,6609,3566
03/03/2021,916,110867,3311469,4165,4.5469,0.0089,465645,82009,19468,3263,14396,11954,9113,7892,4308
04/03/2021,918,154762,3466231,3779,4.1166,0.0077,488728,85587,20501,3200,15150,12491,9490,8444,4350
05/03/2021,883,193417,3659648,4890,5.5379,0.0113,432784,76086,18442,3028,13536,10828,8485,7579,3972
06/03/2021,617,199885,3859533,3009,4.8768,0.0110,273018,47856,11278,2101,8424,6521,5441,4694,2503
07/03/2021,430,116892,3976425,2430,5.6512,0.0131,185675,32980,7594,1401,5898,4417,3872,3314,1675
08/03/2021,701,102345,4078770,3794,5.4123,0.0106,358713,62879,15237,2607,11452,9038,7463,6469,3368
09/03/2021,822,165951,4244721,4010,4.8783,0.0108,371444,65179,15039,2769,11299,9065,6784,6260,3337
10/03/2021,807,171156,4415877,3519,4.3606,0.0085,411745,72605,16660,2871,12371,10240,7895,6738,3582
11/03/2021,872,234130,4650007,4981,5.7122,0.0108,463045,81697,19261,3396,14292,11570,8735,8197,4025
12/03/2021,931,284935,4934942,5932,6.3716,0.0126,471874,81018,20197,3411,14711,11948,8713,8277,4197
13/03/2021,609,222826,5157768,2875,4.7209,0.0099,291037,49729,12649,2165,9433,7627,5731,5196,2711
14/03/2021,410,61065,5218833,2321,5.6610,0.0112,206316,35283,9311,1411,6689,5556,4150,3591,2143
15/03/2021,894,152334,5371167,4660,5.2125,0.0099,471745,82367,20785,3185,15166,12763,9081,8652,4407
16/03/2021,920,136274,5507441,6072,6.6000,0.0119,510174,87484,22109,3457,16300,13329,9314,8947,4689
17/03/2021,1087,143538,5650979,5336,4.9089,0.0092,582091,99212,25388,4028,18770,15572,10670,10611,5423
18/03/2021,1007,160329,5811308,4954,4.9196,0.0085,581062,101168,25354,3862,18388,15049,11253,10430,5693
19/03/2021,850,221005,6032313,4452,5.2376,0.0094,473671,82542,20865,3243,15136,12254,9230,8500,4453
20/03/2021,570,161480,6193793,1849,3.2439,0.0066,279491,48624,12071,1948,9214,7276,5455,5098,2708
21/03/2021,418,48002,6241795,1615,3.8636,0.0083,194189,33801,8682,1384,6493,5094,4125,3663,1997
22/03/2021,708,163417,6405212,3391,4.7895,0.0093,363905,64098,15515,2458,11869,9360,7714,6589,3670
23/03/2021,774,241052,6646264,3924,5.0698,0.0096,406644,70723,17510,2694,13112,10340,8109,7026,3736
24/03/2021,828,246355,6892619,4337,5.2379,0.0093,465523,80895,19673,3072,14546,11804,9190,8079,4239
25/03/2021,800,324551,7217170,3518,4.3975,0.0074,473995,82761,20115,3112,15094,12145,9432,8673,4373
26/03/2021,0,340414,7557584,0,0,0,0,0,0,0,0,0,0,0,0
27/03/2021,0,187109,7744693,0,0,0,0,0,0,0,0,0,0,0,0
28/03/2021,0,53398,7798091,0,0,0,0,0,0,0,0,0,0,0,0
29/03/2021,14,53398,7798091,46,3.2857,0.0051,9079,1483,387,52,303,201,166,202,147
