date,article_count,cases_count,cases_cumulated,dict_hits,average_hits_per_article,average_hits_per_words,total_words,feel_positive,feel_negative,feel_joy,feel_fear,feel_sadness,feel_anger,feel_surprise,feel_disgust
02/01/2020,1,0,0,0,0.0000,0.0000,421,78,17,5,15,19,8,5,2
10/01/2020,1,0,0,0,0.0000,0.0000,723,139,20,7,30,24,7,9,3
26/01/2020,1,0,0,26,26.0000,0.0234,1110,193,42,3,39,27,13,13,18
28/01/2020,1,0,0,0,0.0000,0.0000,693,139,26,6,26,21,10,8,5
29/01/2020,10,0,0,137,13.7000,0.0191,7158,1117,281,55,213,192,114,171,90
31/01/2020,1,0,0,14,14.0000,0.0213,656,92,42,6,31,24,19,15,11
01/02/2020,2,0,0,32,16.0000,0.0675,474,62,20,6,6,6,4,2,8
02/02/2020,3,0,0,21,7.0000,0.0128,1645,264,139,12,93,37,28,18,68
03/02/2020,2,0,0,15,7.5000,0.0301,498,72,25,3,19,14,11,10,6
04/02/2020,1,0,0,10,10.0000,0.0500,200,41,3,6,4,4,1,4,1
05/02/2020,5,0,0,49,9.8000,0.0224,2191,379,111,17,80,61,38,34,28
06/02/2020,3,0,0,29,9.6667,0.0328,883,158,49,0,40,21,21,17,8
07/02/2020,2,0,0,29,14.5000,0.0221,1312,241,52,9,25,44,16,29,12
08/02/2020,1,0,0,9,9.0000,0.0224,402,73,21,2,12,17,7,14,5
09/02/2020,3,0,0,23,7.6667,0.0065,3513,587,140,20,108,110,43,54,35
10/02/2020,3,0,0,53,17.6667,0.0053,10093,1706,419,81,357,270,221,224,118
11/02/2020,26,0,0,551,21.1923,0.0323,17054,2934,695,93,523,393,255,256,148
12/02/2020,107,0,0,1533,14.3271,0.0220,69590,11723,3053,445,2279,1756,1269,1094,709
13/02/2020,145,0,0,1901,13.1103,0.0235,80847,14511,3315,413,2497,2231,1272,1175,715
14/02/2020,134,0,0,1774,13.2388,0.0192,92373,16051,4049,579,3121,2631,1979,1599,906
15/02/2020,65,0,0,1328,20.4308,0.0279,47568,7983,1869,260,1538,1193,897,758,498
16/02/2020,62,0,0,1183,19.0806,0.0262,45092,7371,1817,217,1522,1177,847,669,526
17/02/2020,87,0,0,1410,16.2069,0.0247,57097,9888,2609,253,1965,1649,1031,1055,547
18/02/2020,115,0,0,1556,13.5304,0.0226,68791,12045,3351,360,2281,2100,1208,1108,670
19/02/2020,88,0,0,1255,14.2614,0.0269,46739,8005,2116,255,1607,1382,801,689,403
20/02/2020,93,0,0,1451,15.6022,0.0271,53481,9644,2296,357,1600,1453,834,969,503
21/02/2020,107,0,0,1469,13.7290,0.0215,68384,11799,2746,342,2116,1691,1142,1127,609
22/02/2020,57,0,0,1299,22.7895,0.0271,48002,8001,2035,209,1535,1245,798,742,464
23/02/2020,98,0,0,1708,17.4286,0.0216,78964,13456,3167,439,2598,2028,1319,1402,751
24/02/2020,152,0,0,2492,16.3947,0.0261,95526,15901,4224,467,3270,2643,1601,1771,890
25/02/2020,198,0,0,3424,17.2929,0.0256,133816,21955,5777,688,4548,3675,2200,2296,1319
26/02/2020,253,0,0,3930,15.5336,0.0236,166772,27227,7275,1031,5788,4552,2757,2866,1562
27/02/2020,302,0,0,4455,14.7517,0.0208,214148,34864,10004,1341,7803,6182,3952,3912,2225
28/02/2020,281,0,0,3906,13.9004,0.0239,163755,26832,7763,929,5990,4946,2978,3024,1772
29/02/2020,207,0,0,2865,13.8406,0.0215,133006,21777,6125,846,5021,3704,2485,2443,1386
01/03/2020,118,0,0,1559,13.2119,0.0235,66371,11080,3172,450,2581,2006,1254,1199,609
02/03/2020,285,191,191,3952,13.8667,0.0197,200615,34681,9411,1250,7318,6058,3877,3676,2044
03/03/2020,329,21,212,4304,13.0821,0.0206,208634,35259,9535,1445,7468,5973,3777,3776,2226
04/03/2020,330,73,285,4544,13.7697,0.0224,203248,34476,9707,1251,6982,5630,3750,3688,2350
05/03/2020,389,138,423,5074,13.0437,0.0206,246144,41330,11948,1620,8912,7378,4629,4666,2481
06/03/2020,354,190,613,5037,14.2288,0.0214,235822,39254,11124,1234,8412,6687,4482,4338,2451
07/03/2020,262,336,949,3118,11.9008,0.0232,134576,22556,6362,873,4994,3893,2417,2589,1318
08/03/2020,162,177,1126,2475,15.2778,0.0211,117437,19862,5297,682,4116,3328,2208,2256,1218
09/03/2020,354,286,1412,4480,12.6554,0.0202,222132,37861,10396,1241,8129,6625,4352,4337,2181
10/03/2020,418,372,1784,5125,12.2608,0.0185,277170,47948,13201,1655,10045,8406,5576,5444,2833
11/03/2020,484,497,2281,5594,11.5579,0.0192,290631,49646,14064,1721,10385,8798,5922,5670,3074
12/03/2020,652,595,2876,7210,11.0583,0.0185,388979,66112,18250,2260,13787,11260,7596,7700,3616
13/03/2020,761,785,3661,7692,10.1078,0.0178,431152,73616,20346,2873,15201,12715,8328,8913,4051
14/03/2020,752,839,4500,5919,7.8710,0.0149,397295,71315,17269,3260,12832,11179,7360,8461,3843
15/03/2020,567,923,5423,4963,8.7531,0.0155,320532,57527,14208,2103,10442,8956,6855,6964,3686
16/03/2020,885,1210,6633,7745,8.7514,0.0157,491767,87701,22969,3205,17117,14505,10735,11028,5425
17/03/2020,1123,1097,7730,10309,9.1799,0.0166,621709,111330,29043,4047,21888,17993,13231,12651,6331
18/03/2020,1298,1404,9134,12202,9.4006,0.0178,685610,121070,32389,4419,24137,19683,13551,13118,6967
19/03/2020,1290,1861,10995,12423,9.6302,0.0169,735075,129007,34791,4743,26493,21511,14666,14930,7666
20/03/2020,1219,1617,12612,12209,10.0156,0.0182,669367,116937,31655,4362,23846,19059,13488,12766,6832
21/03/2020,865,1847,14459,9124,10.5480,0.0199,457612,79017,21685,2903,16729,13131,9250,8690,4817
22/03/2020,646,2230,16689,7333,11.3514,0.0200,367267,63842,17198,2321,13271,10664,7818,6949,4010
23/03/2020,1250,3167,19856,12839,10.2712,0.0179,715682,125796,32961,4476,24941,19972,14137,13732,7299
24/03/2020,1329,2446,22302,13653,10.2731,0.0178,768371,134285,34168,4650,25290,20859,14012,14387,7219
25/03/2020,1455,2931,25233,14633,10.0570,0.0180,812706,141626,37372,4965,28249,23263,16292,15497,8261
26/03/2020,1509,3922,29155,15407,10.2101,0.0167,922572,161918,42219,5459,31969,25823,18372,17857,8907
27/03/2020,1457,3809,32964,14073,9.6589,0.0168,837678,147111,38906,5190,29776,23804,16714,16025,8316
28/03/2020,910,4611,37575,9425,10.3571,0.0187,502711,87884,23027,3080,17623,13765,9559,9453,4863
29/03/2020,770,2599,40174,8613,11.1857,0.0192,447710,76224,21447,2894,16341,13164,9464,8271,4855
30/03/2020,1301,4376,44550,14114,10.8486,0.0179,787497,138202,36275,4801,27306,22014,15666,14626,7792
31/03/2020,1332,7578,52128,13443,10.0923,0.0169,795950,139951,37620,5193,28326,23136,16181,15411,8171
01/04/2020,1502,4861,56989,14491,9.6478,0.0172,842342,146974,39010,5220,29022,23937,16389,16054,8195
02/04/2020,1506,2116,59105,15804,10.4940,0.0172,917712,159889,42305,5568,31726,26403,18303,17257,9369
03/04/2020,1371,5233,64338,14338,10.4581,0.0176,815680,143221,37008,5325,28176,22656,16261,15247,8350
04/04/2020,1752,4267,68605,16858,9.6221,0.0184,915334,158005,41396,6154,31076,25228,17256,16746,9072
05/04/2020,687,1873,70478,7026,10.2271,0.0182,385523,66295,17747,2714,13228,10932,7759,7078,4125
06/04/2020,1169,3912,74390,12476,10.6724,0.0175,711224,123090,32961,4427,24931,20391,14197,13570,7120
07/04/2020,1307,3777,78167,14692,11.2410,0.0190,772715,133630,35903,4756,27137,21971,15090,14396,7814
08/04/2020,1336,3881,82048,14192,10.6228,0.0180,787189,138450,35155,5008,26414,21879,15289,14678,7427
09/04/2020,1434,4286,86334,15047,10.4930,0.0161,936554,161633,43565,5809,32062,26868,18969,18047,9679
10/04/2020,1225,4342,90676,12483,10.1902,0.0172,725938,125208,32637,4485,24940,20325,14415,13650,7114
11/04/2020,771,3114,93790,8327,10.8003,0.0177,470139,80398,21158,3009,15883,13110,9125,8725,4762
12/04/2020,592,1613,95403,5936,10.0270,0.0186,318750,55032,14439,2195,10958,9070,6080,5643,3376
13/04/2020,670,2673,98076,7751,11.5687,0.0183,423759,73901,18827,2827,14207,11705,8121,7643,4466
14/04/2020,1019,5497,103573,10646,10.4475,0.0170,627544,109712,27881,4203,20375,17430,11715,11456,5878
15/04/2020,1284,2633,106206,13580,10.5763,0.0187,726239,126767,33003,4828,24530,21082,14051,13658,6996
16/04/2020,1641,2641,108847,16343,9.9592,0.0164,996687,172879,44799,6382,33119,28082,19801,18929,10165
17/04/2020,1599,405,109252,14990,9.3746,0.0161,930510,162828,41703,5996,30499,26022,18373,17443,9111
18/04/2020,1036,2569,111821,9725,9.3871,0.0169,574127,99207,25298,3937,18679,15670,10958,10771,5711
19/04/2020,759,785,112606,7422,9.7787,0.0176,422802,72795,19183,3040,14411,11960,8496,8165,4624
20/04/2020,1389,2051,114657,13155,9.4708,0.0156,841681,148831,36883,5952,26988,23478,16137,15710,8598
21/04/2020,1493,2667,117324,12459,8.3449,0.0143,868353,154017,38932,5966,28046,24462,16735,16405,8438
22/04/2020,1591,1827,119151,13794,8.6700,0.0157,876258,154220,39275,6049,27969,24280,16840,16562,8651
23/04/2020,1662,1653,120804,14910,8.9711,0.0150,995814,174806,44610,6848,32188,28061,19485,18942,9901
24/04/2020,1460,1773,122577,12694,8.6945,0.0150,845155,149926,36994,5884,26851,22481,16006,16042,8224
25/04/2020,967,1537,124114,9190,9.5036,0.0175,526301,90902,23109,3984,16465,13774,9831,9460,5581
26/04/2020,723,461,124575,6813,9.4232,0.0172,396802,68936,17957,3020,12753,10558,7548,7210,4232
27/04/2020,1336,3764,128339,12027,9.0022,0.0152,791568,140433,34713,5607,25389,21402,15287,14826,7829
28/04/2020,1348,1520,129859,12663,9.3939,0.0153,826663,146053,35556,5865,25796,22448,15714,15269,7810
29/04/2020,1393,0,128442,12183,8.7459,0.0146,834302,148137,36829,6085,26599,23381,15840,15613,7774
30/04/2020,1545,1139,129581,12985,8.4045,0.0141,919913,163010,40975,6762,29999,25681,18075,17658,8730
01/05/2020,345,604,130185,4355,12.6232,0.0145,300465,53837,13755,2243,9781,8623,6451,5498,3114
02/05/2020,856,794,130979,7062,8.2500,0.0164,431299,74902,19611,3359,14472,11997,8484,8284,4382
03/05/2020,695,308,131287,6611,9.5122,0.0174,379556,66447,16859,2830,12550,10156,7379,7280,3832
04/05/2020,1203,576,131863,11692,9.7190,0.0157,745557,132981,32065,5436,23717,19820,14170,13948,7027
05/05/2020,1270,1104,132967,10861,8.5520,0.0145,748421,132559,32656,5482,23786,20213,14324,13934,7159
06/05/2020,1380,4183,137150,11897,8.6210,0.0148,804514,141775,35788,5592,26290,22084,15459,15304,7662
07/05/2020,1472,629,137779,13654,9.2758,0.0147,929986,164460,42086,6619,30869,26198,18397,17670,9407
08/05/2020,891,642,138421,8068,9.0550,0.0152,530022,92561,24883,3978,18065,15214,10893,10065,5743
09/05/2020,752,433,138854,6614,8.7952,0.0157,422316,74319,18926,3556,13910,11723,8117,7894,4323
10/05/2020,580,209,139063,6005,10.3534,0.0174,345899,59792,16268,2913,12101,9920,7075,6759,3786
11/05/2020,1107,456,139519,10323,9.3252,0.0164,630298,111217,28120,4532,20437,17254,12291,11896,6113
12/05/2020,1091,708,140227,10301,9.4418,0.0157,655388,117178,28999,4756,21070,18175,12830,12359,6529
13/05/2020,1232,507,140734,10641,8.6372,0.0146,728806,128445,32923,5432,24478,20189,14624,14077,7159
14/05/2020,1341,622,141356,12136,9.0500,0.0139,876218,154094,39226,6129,28685,23765,17403,17157,8712
15/05/2020,1195,563,141919,9898,8.2828,0.0140,708560,125602,30913,5504,22533,19222,13700,13393,6900
16/05/2020,692,372,142291,6056,8.7514,0.0155,390144,68107,16815,3116,12426,10385,7660,7479,3896
17/05/2020,552,120,142411,4988,9.0362,0.0159,314377,54574,14115,2454,10353,8597,6615,5896,3541
18/05/2020,1176,492,142903,9907,8.4243,0.0142,696682,124050,29594,5194,21890,18364,14022,13619,6854
19/05/2020,1198,524,143427,9677,8.0776,0.0143,674804,119685,29734,4482,21605,18763,13568,12887,6968
20/05/2020,1424,418,143845,9901,6.9529,0.0130,759607,134462,33811,5341,24924,20991,15726,14562,7682
21/05/2020,878,318,144163,6616,7.5353,0.0141,467775,83608,20210,3599,14786,12755,9203,8955,4931
22/05/2020,1013,393,144556,7260,7.1668,0.0130,558098,98046,25598,3887,18970,15624,12142,10917,6198
23/05/2020,758,250,144806,5743,7.5765,0.0141,407861,71732,18113,3128,13612,11486,8620,8448,4538
24/05/2020,591,115,144921,4908,8.3046,0.0140,350440,59937,16257,2648,12514,9800,7676,6977,4105
25/05/2020,937,358,145279,6966,7.4344,0.0126,551835,97671,23630,3963,17748,14448,11192,10562,5489
26/05/2020,1047,276,145555,8001,7.6418,0.0133,601800,106149,26388,4355,19387,16284,12407,11482,6026
27/05/2020,1136,191,145746,7785,6.8530,0.0120,650619,115045,28825,4513,21244,17634,13858,12708,6524
28/05/2020,1231,3325,149071,8792,7.1422,0.0120,735078,131108,32676,5245,24166,19879,16125,14625,7481
29/05/2020,974,597,149668,7040,7.2279,0.0120,588311,103707,25735,4279,19018,16453,11877,10737,5904
30/05/2020,676,1828,151496,4686,6.9320,0.0135,347232,60146,14943,2729,11038,9106,6688,6576,3316
31/05/2020,499,257,151753,3544,7.1022,0.0133,266655,46986,11330,2169,8644,7077,5299,5227,2781
01/06/2020,710,338,152091,4887,6.8831,0.0119,409975,72104,18370,3060,13565,11382,8626,8236,4156
02/06/2020,877,0,151325,5898,6.7252,0.0125,473581,84293,20453,3377,15293,12457,9683,9010,4794
03/06/2020,921,352,151677,5541,6.0163,0.0112,495468,88647,21319,3543,15879,13324,10264,9624,4906
04/06/2020,1149,767,152444,7366,6.4108,0.0109,673587,119775,30019,4806,22367,18501,14555,13431,6878
05/06/2020,928,611,153055,6614,7.1272,0.0120,549044,96677,23841,3997,17465,14913,11257,10523,5708
06/06/2020,579,579,153634,3725,6.4335,0.0123,301907,53330,13030,2468,9802,8170,6117,6003,3026
07/06/2020,460,343,153977,3047,6.6239,0.0120,252885,44508,11204,2081,8356,6841,5347,5088,2560
08/06/2020,900,211,154188,6063,6.7367,0.0121,499830,88899,21591,3756,16362,13622,10176,9775,4646
09/06/2020,976,403,154591,6630,6.7930,0.0123,540906,96996,22616,4052,17023,14740,10584,10418,4995
10/06/2020,990,545,155136,6189,6.2515,0.0119,522072,94372,22632,3823,16836,14440,11188,10513,4990
11/06/2020,1057,425,155561,6738,6.3746,0.0107,629558,111227,27412,4558,20564,17755,13044,12407,6195
12/06/2020,976,726,156287,5785,5.9273,0.0105,550906,97682,24021,3733,18395,15345,11286,11266,5212
13/06/2020,638,526,156813,3690,5.7837,0.0119,308939,54987,13214,2354,9801,8359,6530,6257,2989
14/06/2020,487,407,157220,3411,7.0041,0.0132,257788,45965,10945,2179,8323,6936,5341,5158,2706
15/06/2020,889,152,157372,5700,6.4117,0.0117,485333,87842,20445,3705,15134,12840,9871,9655,4311
16/06/2020,796,344,157716,5880,7.3869,0.0127,462800,82985,19590,3346,14705,12434,9056,8709,4200
17/06/2020,1070,458,158174,6332,5.9178,0.0111,567965,102128,23742,4033,18314,15234,11680,11886,5324
18/06/2020,1021,467,158641,6292,6.1626,0.0107,588879,103991,26193,4099,19155,16592,12513,11783,5927
19/06/2020,847,811,159452,5141,6.0697,0.0113,455370,81076,19602,3224,14457,12489,9604,9143,4691
20/06/2020,583,641,160093,3501,6.0051,0.0117,298624,53083,12891,2263,9813,8385,6340,6157,3015
21/06/2020,441,284,160377,2873,6.5147,0.0126,228320,40812,9602,1864,7185,6189,4891,4505,2214
22/06/2020,789,373,160750,4687,5.9404,0.0111,421947,75283,17979,3146,13535,11342,9165,8620,4355
23/06/2020,858,517,161267,5297,6.1737,0.0114,465690,82942,20052,3319,14638,12573,9844,9246,4787
24/06/2020,1059,81,161348,6508,6.1454,0.0110,592548,105060,25441,4073,18890,16085,12654,12167,5891
25/06/2020,1119,0,161348,7046,6.2967,0.0110,642718,113644,27600,4472,20462,17389,14194,12835,6675
26/06/2020,996,1588,162936,5724,5.7470,0.0108,531397,94290,23515,3596,18336,14689,11783,11538,5568
27/06/2020,626,518,163454,3472,5.5463,0.0117,297045,53125,12583,2355,9294,7925,6480,6581,3139
28/06/2020,395,526,163980,2460,6.2278,0.0138,178373,32239,7442,1402,5638,5027,4078,4010,2034
29/06/2020,689,280,164260,4201,6.0972,0.0108,389470,70159,16516,2568,12207,10759,8516,8087,4035
30/06/2020,771,541,164801,4695,6.0895,0.0113,414264,74439,17309,2902,12686,11146,8522,8079,4019
01/07/2020,1021,918,165719,5633,5.5171,0.0100,564648,101550,24628,3979,18070,15613,11901,11057,5722
02/07/2020,938,659,166378,5930,6.3220,0.0113,526427,93106,22483,3946,16448,14254,10733,10472,5151
03/07/2020,801,582,166960,4726,5.9001,0.0105,451853,81102,19316,3329,14347,12106,9340,9246,4588
04/07/2020,572,751,167711,2872,5.0210,0.0103,277597,50431,12342,2448,9212,7757,5924,5877,2989
05/07/2020,382,448,168159,2286,5.9843,0.0122,186967,33181,8011,1708,5798,5048,3928,3796,1938
06/07/2020,745,176,168335,4868,6.5342,0.0113,429348,76313,18554,2932,13759,11570,8546,8735,4196
07/07/2020,788,475,168810,5274,6.6929,0.0120,438714,77387,18549,3082,13798,11662,8831,8179,4249
08/07/2020,829,663,169473,5554,6.6996,0.0120,463293,82080,19851,3237,14550,12452,9435,9115,4573
09/07/2020,869,621,170094,5541,6.3763,0.0112,494636,88013,20934,3557,15899,13553,9708,9627,4630
10/07/2020,832,658,170752,5369,6.4531,0.0124,434570,77090,18169,3198,13818,12018,8598,8415,4153
11/07/2020,507,752,171504,3089,6.0927,0.0123,251656,44548,10801,2000,7937,6847,5075,5109,2538
12/07/2020,334,585,172089,2396,7.1737,0.0128,187264,32828,7769,1386,5737,4800,3985,3485,1778
13/07/2020,685,288,172377,4891,7.1401,0.0133,368964,66214,15789,2662,11768,10036,7628,7077,3493
14/07/2020,589,511,172888,3943,6.6944,0.0126,312576,56859,13226,2362,10096,8466,6439,6143,2968
15/07/2020,762,416,173304,4585,6.0171,0.0118,388024,70557,16105,2923,11875,10049,7681,7459,3553
16/07/2020,825,534,173838,5158,6.2521,0.0113,457184,82725,19673,3399,14503,12222,9301,8943,4431
17/07/2020,735,836,174674,5265,7.1633,0.0128,412746,74146,17464,2929,12982,10779,8413,7962,3798
18/07/2020,442,965,175639,2837,6.4186,0.0121,233669,41006,10281,1735,7725,6440,5095,4676,2382
19/07/2020,333,765,176404,2342,7.0330,0.0132,177956,31420,7441,1474,5620,4742,3459,3486,1806
20/07/2020,637,350,176754,4591,7.2072,0.0135,340537,60504,14294,2394,10436,9134,6480,6473,3256
21/07/2020,760,584,177338,4912,6.4632,0.0131,375847,66839,15319,2492,11069,9916,7141,7175,3216
22/07/2020,728,998,178336,4490,6.1676,0.0117,384471,68828,16386,2727,12013,10430,7893,7489,3532
23/07/2020,797,1062,179398,5713,7.1681,0.0112,510685,91049,21732,3562,15747,14037,9871,9901,4662
24/07/2020,660,1130,180528,3925,5.9470,0.0112,350116,62464,15317,2550,11360,9605,7293,7013,3232
25/07/2020,468,1108,181636,3312,7.0769,0.0140,236828,42393,9653,1793,7287,6041,4420,4572,2147
26/07/2020,331,929,182565,2473,7.4713,0.0138,178630,31557,7469,1371,5655,4517,3782,3501,1660
27/07/2020,669,514,183079,4679,6.9940,0.0125,373349,66293,15977,2754,11913,10164,7520,6999,3393
28/07/2020,710,725,183804,4702,6.6225,0.0123,383268,69242,16078,3115,11570,10429,7189,7216,3407
29/07/2020,822,1392,185196,5014,6.0998,0.0125,402245,72644,16545,3010,12013,10555,7256,7549,3160
30/07/2020,893,1377,186573,5707,6.3908,0.0107,535473,93827,23542,3643,15841,14588,10059,9736,4815
31/07/2020,862,1346,187919,5433,6.3028,0.0116,469805,84497,21059,3417,14821,13733,9310,9380,4057
01/08/2020,490,1628,189547,3426,6.9918,0.0127,269217,47344,11331,2009,8286,6931,5273,5152,2512
02/08/2020,278,1192,190739,2283,8.2122,0.0139,164289,28925,6681,1295,4998,4185,2983,3264,1490
03/08/2020,595,556,191295,4247,7.1378,0.0132,322725,56339,13966,2324,10314,8893,6336,6280,3022
04/08/2020,689,1039,192334,4898,7.1089,0.0134,366472,64777,16250,2787,11703,9983,6867,7015,3424
05/08/2020,690,1695,194029,4184,6.0638,0.0129,323594,58383,14377,2408,10603,9433,6605,6404,3009
06/08/2020,629,1604,195633,4130,6.5660,0.0119,347299,60967,15882,2644,11652,9975,7512,6793,3592
07/08/2020,561,2288,197921,3761,6.7041,0.0125,301822,53683,13574,2262,9891,8555,6432,5907,3015
08/08/2020,337,2184,200105,2304,6.8368,0.0136,169900,29656,7472,1291,5568,4528,3421,3639,1727
09/08/2020,238,1885,201990,1898,7.9748,0.0156,121286,21179,5575,1037,4252,3293,2654,2389,1270
10/08/2020,498,785,202775,3380,6.7871,0.0131,257776,46409,11178,1852,8573,7023,5336,4970,2486
11/08/2020,561,1397,204172,3598,6.4135,0.0120,300659,52895,13355,2206,9832,7996,6494,5787,3009
12/08/2020,576,2524,206696,3741,6.4948,0.0123,304875,53185,13529,2104,9785,8145,6034,5679,2918
13/08/2020,589,2669,209365,4151,7.0475,0.0138,300884,54171,13091,2252,9473,8212,5982,5817,2846
14/08/2020,538,2846,212211,4343,8.0725,0.0162,268243,47673,11424,1862,8245,6928,5023,4944,2420
15/08/2020,301,3310,215521,2250,7.4751,0.0158,142338,25381,6129,1169,4687,3780,2759,3034,1357
16/08/2020,267,3015,218536,1855,6.9476,0.0135,137776,24696,6207,1111,4689,3892,2739,2871,1462
17/08/2020,506,493,219029,3967,7.8399,0.0149,266307,46350,11402,1857,8354,7005,5286,5082,2536
18/08/2020,572,2238,221267,4309,7.5332,0.0144,299791,52969,13539,2009,9742,8160,6146,5924,2981
19/08/2020,535,3776,225043,4469,8.3533,0.0154,290430,51080,12520,1953,8948,7548,5547,5663,2740
20/08/2020,562,4771,229814,4167,7.4146,0.0129,322428,57329,14166,2269,10363,8759,6489,6040,3386
21/08/2020,596,4586,234400,4593,7.7064,0.0140,327575,57396,14514,2284,10356,8955,6110,6256,3341
22/08/2020,354,3602,238002,2649,7.4831,0.0144,184043,32024,8291,1382,6212,4992,3575,3666,1858
23/08/2020,257,4897,242899,1929,7.5058,0.0139,138450,24448,5932,1097,4541,3563,2700,2864,1451
24/08/2020,608,1955,244854,4859,7.9918,0.0141,344236,60807,15138,2639,11112,8906,6805,6554,3537
25/08/2020,629,3304,248158,4419,7.0254,0.0141,313467,55144,13307,2514,9873,8169,6194,5852,3166
26/08/2020,669,5429,253587,4542,6.7892,0.0125,362889,64559,15269,2802,11087,9143,7171,6912,3637
27/08/2020,664,6111,259698,4852,7.3072,0.0120,403897,72333,17075,2978,12418,10399,7791,7452,3822
28/08/2020,675,7379,267077,4803,7.1156,0.0122,394340,70468,17027,2808,13906,10570,8048,8074,4082
29/08/2020,396,5453,272530,2617,6.6086,0.0121,216655,38486,9554,1709,6883,5597,4530,4356,2372
30/08/2020,242,5413,277943,2148,8.8760,0.0140,153587,27670,6891,1223,4957,3954,3206,2982,1724
31/08/2020,544,3082,281025,3929,7.2224,0.0127,310470,54742,13349,2410,9760,8035,6242,5721,3219
01/09/2020,674,4982,286007,4616,6.8487,0.0122,377934,67370,15742,3089,11350,9260,6840,7037,3641
02/09/2020,632,7017,293024,4196,6.6392,0.0118,354154,63424,14807,2927,10603,9120,6500,6581,3155
03/09/2020,785,7157,300181,4471,5.6955,0.0097,460884,82406,19551,3223,13884,11924,9174,8712,4416
04/09/2020,688,8975,309156,3975,5.7776,0.0102,388431,68872,16552,2906,11962,10142,7535,7342,3451
05/09/2020,437,8550,317706,2488,5.6934,0.0113,219457,38728,9315,1866,6924,5740,4081,4264,1998
06/09/2020,354,7071,324777,1927,5.4435,0.0115,167061,29392,6774,1371,4929,4185,3191,3241,1522
07/09/2020,556,4203,328980,3680,6.6187,0.0108,342190,61080,14448,2617,10565,8806,6796,6201,3155
08/09/2020,605,6544,335524,3799,6.2793,0.0119,319289,56026,14173,2114,10272,8639,6173,5859,3013
09/09/2020,885,8577,344101,5331,6.0237,0.0119,449188,79827,18509,3474,13773,11547,8450,8468,3908
10/09/2020,1562,9843,353944,11329,7.2529,0.0117,968869,171704,42542,6919,30760,25685,18981,18845,9350
11/09/2020,722,9406,363350,4630,6.4127,0.0126,367520,64918,15747,2691,11681,9477,7078,6936,3416
12/09/2020,562,10561,373911,3555,6.3256,0.0137,260309,45510,11017,1967,8149,6505,4797,4886,2363
13/09/2020,287,7183,381094,1682,5.8606,0.0119,141577,25249,6388,1140,4676,3912,2981,2851,1475
14/09/2020,705,6158,387252,3929,5.5730,0.0100,391288,70134,16762,2929,12307,10208,7789,7593,3778
15/09/2020,818,7852,395104,4652,5.6870,0.0114,406742,72415,17097,2825,12721,10813,8170,7918,3840
16/09/2020,842,9784,404888,4739,5.6283,0.0110,432414,77073,18595,3116,13691,11276,8765,8273,4022
17/09/2020,863,10593,415481,5143,5.9594,0.0099,519007,92576,22100,3477,16149,13502,10638,9855,4881
18/09/2020,756,13215,428696,5482,7.2513,0.0135,407174,71810,17392,2820,12809,10605,8090,7486,3801
19/09/2020,489,13498,442194,2678,5.4765,0.0120,223031,39629,9715,1797,7096,5978,4461,4496,2318
20/09/2020,282,10569,452763,1523,5.4007,0.0117,130345,23036,5624,1100,4066,3303,2634,2811,1439
21/09/2020,556,5298,458061,3543,6.3723,0.0118,300519,52984,13629,2129,9752,8181,6301,5817,3198
22/09/2020,735,10008,468069,4455,6.0612,0.0114,389643,70117,16514,2917,11772,9946,7686,6989,3711
23/09/2020,746,13072,481141,4791,6.4223,0.0119,403193,71835,17352,2830,12818,10785,8318,7601,3772
24/09/2020,898,16096,497237,5400,6.0134,0.0115,471236,84245,20727,3178,15402,12806,10435,9626,4639
25/09/2020,869,15797,513034,5890,6.7779,0.0118,497334,88890,22079,3293,16728,13805,10790,9944,5036
26/09/2020,526,14412,527446,3242,6.1635,0.0126,257420,45857,11382,1958,8336,6789,5322,5095,2561
27/09/2020,352,11123,538569,1785,5.0710,0.0108,165357,29080,7363,1335,5452,4328,3401,3322,1606
28/09/2020,508,4070,542639,3466,6.8228,0.0117,295606,52674,13136,2000,9846,8288,5996,5460,2940
29/09/2020,743,8051,550690,4152,5.5882,0.0101,411290,73410,17548,2900,12933,11121,8121,7873,3990
30/09/2020,728,12845,563535,3975,5.4602,0.0100,397060,70617,17152,3055,12638,10566,7911,7636,3852
01/10/2020,665,13970,577505,3972,5.9729,0.0096,414431,74772,17785,2781,13535,10891,8554,8097,4184
02/10/2020,762,12148,589653,5328,6.9921,0.0125,426450,74435,18425,2835,13601,11136,8874,8154,4247
03/10/2020,423,16972,606625,3049,7.2080,0.0134,228355,38730,10519,1443,7980,6240,5060,4188,2376
04/10/2020,277,12565,619190,2130,7.6895,0.0135,158274,27246,7102,948,5459,4307,3400,3140,1682
05/10/2020,662,5084,624274,4337,6.5514,0.0118,368923,64591,16139,2477,12668,9914,8036,7641,3746
06/10/2020,777,10489,634763,4745,6.1068,0.0120,394568,69806,16585,2572,12750,10429,7755,7624,3562
07/10/2020,812,18746,653509,5028,6.1921,0.0123,407933,71285,18072,2832,13377,11044,8331,8010,3945
08/10/2020,771,18129,671638,5260,6.8223,0.0111,473666,83772,20635,3220,15701,12684,9699,9191,4724
09/10/2020,712,20339,691977,4197,5.8947,0.0113,373019,67087,16326,2559,12367,10327,7766,7675,3588
10/10/2020,564,26896,718873,3691,6.5443,0.0129,286878,50673,12332,1923,9353,7872,5752,5873,2889
11/10/2020,307,16101,734974,2058,6.7036,0.0116,176664,30978,7843,1194,6135,4660,3865,3555,1859
12/10/2020,618,8505,743479,4352,7.0421,0.0131,333170,58786,14635,2082,10783,9334,6907,6611,3216
13/10/2020,890,12993,756472,6266,7.0404,0.0131,478808,83603,21004,3036,15454,12996,9663,9262,4620
14/10/2020,941,22591,779063,6946,7.3815,0.0141,492943,86892,21502,3361,15828,13684,9693,9451,4528
15/10/2020,946,30621,809684,6980,7.3784,0.0126,555506,97146,24180,3607,18046,15173,11407,10829,5113
16/10/2020,869,25086,834770,6542,7.5282,0.0133,492125,85158,21694,3331,16198,13246,9779,9955,4617
17/10/2020,525,32427,867197,3176,6.0495,0.0130,243401,41380,11097,1832,8064,6840,4872,4856,2192
18/10/2020,331,29837,897034,2009,6.0695,0.0123,163446,28953,6993,1329,5242,4289,3458,3227,1623
19/10/2020,599,13243,910277,3943,6.5826,0.0123,321392,56521,13713,2295,9950,8406,6553,6172,2924
20/10/2020,739,20468,930745,4757,6.4371,0.0113,419506,73872,17892,2764,13028,11141,8667,8082,3921
21/10/2020,723,26676,957421,4569,6.3195,0.0124,367133,64575,15712,2493,11401,9909,7234,6858,3433
22/10/2020,846,41622,999043,5925,7.0035,0.0130,457064,81557,18844,3041,14063,11996,8779,8862,3769
23/10/2020,881,42032,1041075,6869,7.7968,0.0144,476350,82117,21231,3132,15662,13636,9368,8934,4393
24/10/2020,590,45422,1086497,4181,7.0864,0.0153,272776,46744,12344,1923,9094,7842,5472,5435,2308
25/10/2020,426,52010,1138507,2900,6.8075,0.0156,185741,32046,8453,1383,6315,5232,4156,3901,1851
26/10/2020,634,26771,1165278,4298,6.7792,0.0126,342114,59805,14866,2246,10945,9361,7091,6715,3161
27/10/2020,829,33417,1198695,5938,7.1628,0.0139,427591,73178,19351,3020,13845,12121,8761,8264,3976
28/10/2020,964,36437,1235132,7197,7.4658,0.0140,515818,89320,23507,3196,17236,14955,10714,10164,4592
29/10/2020,1013,47637,1282769,7576,7.4788,0.0128,590592,103042,26881,4171,19625,17403,12074,11588,5390
30/10/2020,859,49215,1331984,6305,7.3399,0.0128,491716,86684,22153,3386,15902,13936,10092,9901,4817
31/10/2020,586,35641,1367625,3955,6.7491,0.0147,269650,46589,12502,1891,9050,7927,5767,5293,2499
01/11/2020,350,46290,1413915,2497,7.1343,0.0141,177560,30967,8195,1348,5992,5137,3919,3384,1882
02/11/2020,677,52518,1466433,4715,6.9645,0.0128,368619,65101,16387,2638,12201,10217,7834,6857,3473
03/11/2020,723,36330,1502763,4885,6.7566,0.0124,393924,68873,17903,2810,13478,11099,9021,7604,3795
04/11/2020,791,40558,1543321,5724,7.2364,0.0142,402418,68479,17652,2829,13284,11119,8241,7954,3489
05/11/2020,893,58046,1601367,6546,7.3303,0.0134,487845,84860,21987,3235,16445,14099,9672,9458,4473
06/11/2020,858,60486,1661853,6375,7.4301,0.0135,473875,81461,21381,3128,16149,13576,9522,8913,4368
07/11/2020,469,86852,1748705,3855,8.2196,0.0148,261207,44686,12482,1674,9351,7655,6089,5225,2839
08/11/2020,396,38619,1787324,2702,6.8232,0.0139,194343,32892,9373,1308,7002,5696,4489,3868,2204
09/11/2020,857,20155,1807479,6004,7.0058,0.0132,456110,78111,19737,3213,14635,12224,9155,8514,4020
10/11/2020,949,22180,1829659,6388,6.7313,0.0128,499296,86172,21614,3325,15708,13522,9755,9298,4218
11/11/2020,717,35879,1865538,4557,6.3556,0.0138,329266,56961,14100,2154,10211,8902,6056,6020,2841
12/11/2020,889,33172,1898710,6274,7.0574,0.0123,510590,88596,22098,3478,16071,13477,10037,9389,4718
13/11/2020,889,23794,1922504,6229,7.0067,0.0128,485044,84390,21535,3363,15481,13600,9372,8844,4312
14/11/2020,560,32095,1954599,4020,7.1786,0.0141,285371,48435,12644,2142,9087,7808,5678,5322,2573
15/11/2020,400,27228,1981827,2573,6.4325,0.0136,189277,31966,8623,1349,6251,5370,3943,3691,1788
16/11/2020,783,9406,1991233,5354,6.8378,0.0124,432076,75719,18420,2867,13386,11472,8358,8155,3803
17/11/2020,890,45522,2036755,6296,7.0742,0.0127,494560,85953,21526,3352,15971,13627,9832,9272,4507
18/11/2020,903,28383,2065138,6059,6.7099,0.0131,463536,80183,20235,2992,14909,12498,9158,8545,4339
19/11/2020,899,21150,2086288,6008,6.6830,0.0122,490573,84521,21179,3345,15526,13112,9470,9252,4214
20/11/2020,894,22882,2109170,6667,7.4575,0.0135,492846,85190,21778,3357,16138,13404,9916,9359,4637
21/11/2020,734,17881,2127051,4715,6.4237,0.0143,330580,57446,14149,2337,10200,8856,6328,6589,2901
22/11/2020,391,13157,2140208,2681,6.8568,0.0142,188921,32976,8210,1422,6017,4919,3936,3596,1755
23/11/2020,752,4452,2144660,5430,7.2207,0.0128,423813,72471,18171,2834,13083,10897,8199,7529,3774
24/11/2020,805,9155,2153815,5592,6.9466,0.0127,440891,76649,18265,2995,13250,11096,8338,7964,3915
25/11/2020,842,16282,2170097,5314,6.3112,0.0123,431726,75931,18566,2937,13263,11410,8034,7947,3895
26/11/2020,751,13563,2183660,4691,6.2463,0.0101,463747,82093,19773,3270,14864,12387,9082,8778,4158
27/11/2020,623,12459,2196119,3984,6.3949,0.0112,356216,63379,15285,2484,11069,9378,7054,6836,3486
28/11/2020,447,12580,2208699,2789,6.2394,0.0133,209792,36155,9035,1503,6419,5564,4002,3932,1946
29/11/2020,315,9784,2218483,2013,6.3905,0.0111,180861,31216,7808,1332,5801,4840,3619,3328,1717
30/11/2020,630,4005,2222488,3572,5.6698,0.0100,357161,62530,15538,2559,11358,9568,7408,6672,3308
01/12/2020,776,8083,2230571,4768,6.1443,0.0112,427582,75225,18848,3069,13670,11509,8840,8083,3998
02/12/2020,796,14064,2244635,5012,6.2965,0.0108,464040,81456,20300,3068,14916,12635,9449,8853,4427
03/12/2020,873,12696,2257331,5474,6.2703,0.0104,526601,91883,22534,3482,16567,13884,10686,9333,4878
04/12/2020,678,11221,2268552,3905,5.7596,0.0107,365774,63899,15210,2355,11120,9357,7116,6440,3398
05/12/2020,489,12923,2281475,2748,5.6196,0.0109,251354,42872,11085,1815,8119,6907,5135,4899,2494
06/12/2020,289,11022,2292497,2019,6.9862,0.0114,177258,29976,8057,1362,6052,4858,3875,3711,1960
07/12/2020,568,3411,2295908,3515,6.1884,0.0112,314070,55793,13012,2198,9815,8267,6387,5824,2872
08/12/2020,755,13713,2309621,4401,5.8291,0.0119,369834,65578,15502,2586,11486,9718,7083,6759,3164
09/12/2020,763,14595,2324216,4692,6.1494,0.0121,387136,68485,16079,2689,11645,10068,7209,7109,3162
10/12/2020,783,13750,2337966,5650,7.2158,0.0126,449328,79581,19274,3015,13892,11671,8796,8075,4059
11/12/2020,730,13406,2351372,4790,6.5616,0.0113,422903,75236,18041,2787,13396,11372,8331,7825,3854
12/12/2020,482,13947,2365319,2539,5.2676,0.0111,229490,40462,9684,1654,7173,5952,4232,4451,1995
13/12/2020,338,11533,2376852,1963,5.8077,0.0117,167568,29481,7164,1215,5456,4606,3119,3442,1526
14/12/2020,762,3063,2379915,4784,6.2782,0.0113,423592,75008,17680,2915,13053,11280,8190,8078,3724
15/12/2020,669,11532,2391447,4147,6.1988,0.0115,359322,64296,15316,2424,11244,9818,7115,6826,3221
16/12/2020,774,17615,2409062,4931,6.3708,0.0114,433341,77193,18549,3319,13668,11389,8583,7908,4042
17/12/2020,854,18254,2427316,6330,7.4122,0.0129,491845,86027,20495,3486,15052,12523,9098,8836,4482
18/12/2020,728,15674,2442990,5518,7.5797,0.0134,412731,71182,16904,2807,12530,10411,7536,7494,3698
19/12/2020,565,17565,2460555,3731,6.6035,0.0140,266249,45784,11151,2018,8031,6983,4981,5278,2474
20/12/2020,428,12799,2473354,2906,6.7897,0.0135,215815,37516,8879,1647,6755,5360,4030,4222,2308
21/12/2020,774,5797,2479151,5679,7.3372,0.0137,413898,70383,17781,2694,13718,11045,7724,8086,4636
22/12/2020,736,11795,2490946,5358,7.2799,0.0130,413280,72098,17776,2943,13287,11000,7910,7816,4145
23/12/2020,736,14929,2505875,4757,6.4633,0.0124,383567,67736,16537,2635,12413,10211,7189,7316,3735
24/12/2020,540,21634,2527509,3518,6.5148,0.0120,292331,50657,12429,2321,9320,7710,5362,5655,2840
25/12/2020,263,20262,2547771,1872,7.1179,0.0133,141002,24429,5811,1046,4490,3554,2501,2704,1379
26/12/2020,418,3093,2550864,3031,7.2512,0.0136,223438,38151,9335,1668,7146,5823,4298,4165,2176
27/12/2020,367,8822,2559686,2726,7.4278,0.0137,199194,33440,8486,1516,6639,5207,3980,3559,1941
28/12/2020,596,2960,2562646,4224,7.0872,0.0131,321615,54635,14044,2409,10739,8590,6827,5620,3386
29/12/2020,677,11395,2574041,4534,6.6972,0.0123,368862,63811,16369,2653,12414,10241,8091,6896,3978
30/12/2020,735,26457,2600498,5209,7.0871,0.0133,392779,67587,16776,2904,12706,10542,7929,7043,3902
31/12/2020,686,19927,2620425,4580,6.6764,0.0113,405314,69120,18025,2973,13381,11263,8604,7714,4025
01/01/2021,302,19348,2639773,2078,6.8808,0.0116,178760,31170,8127,1496,6023,4964,3828,3543,1863
02/01/2021,435,3466,2643239,2766,6.3586,0.0128,216205,37485,8942,1876,6922,5539,3992,4105,1978
03/01/2021,356,12489,2655728,2218,6.2303,0.0131,169422,28978,7473,1317,5840,4702,3392,3141,1605
04/01/2021,720,4022,2659750,4742,6.5861,0.0108,437080,74061,18680,3090,14181,11237,8810,7550,4270
05/01/2021,806,20489,2680239,4876,6.0496,0.0109,446924,76811,18731,3103,14283,11131,8584,7456,4260
06/01/2021,844,25379,2705618,4956,5.8720,0.0108,457310,78823,18615,3219,14369,11275,8648,7935,4333
07/01/2021,821,21703,2727321,4896,5.9635,0.0111,441239,75732,18971,3000,14654,11627,8624,7920,3960
08/01/2021,750,19814,2747135,5170,6.8933,0.0130,397789,68759,16398,2717,12534,9915,7124,6732,3600
09/01/2021,623,20177,2767312,3781,6.0690,0.0130,291370,50388,12271,2263,9016,7308,5277,5325,2574
10/01/2021,284,15944,2783256,2562,9.0211,0.0156,164365,27921,6840,1184,5120,4025,3089,2571,1558
11/01/2021,749,3582,2786838,5156,6.8838,0.0130,395609,68488,16694,2694,12857,9922,7207,6614,3759
12/01/2021,863,19752,2806590,5517,6.3928,0.0126,439360,77323,18503,2902,13899,11135,8164,7579,4145
13/01/2021,959,23852,2830442,5871,6.1220,0.0119,492967,85618,20886,3280,15815,13119,9250,8640,4400
14/01/2021,899,21228,2851670,6320,7.0300,0.0125,504554,87428,21558,3290,16065,13012,9424,8845,4785
15/01/2021,894,21271,2872941,5909,6.6096,0.0122,485848,85518,20426,3123,14840,12221,9439,8511,4633
16/01/2021,755,21406,2894347,3415,4.5232,0.0099,344627,60426,13983,2402,10300,8215,6306,5937,3165
17/01/2021,464,16642,2910989,2431,5.2392,0.0100,243390,42655,9963,1865,7467,5874,4741,4317,2399
18/01/2021,926,3736,2914725,5148,5.5594,0.0099,520906,90964,21926,3543,16507,13287,10137,9329,4976
19/01/2021,1095,23608,2938333,5773,5.2721,0.0105,549073,94354,23454,3834,17207,14141,10600,9632,5353
20/01/2021,1137,26784,2965117,5654,4.9727,0.0104,543073,95016,23039,3847,16608,13837,11052,9640,5209
21/01/2021,1104,22848,2987965,6460,5.8514,0.0110,589184,103273,25172,4209,18382,15040,11588,10915,5587
22/01/2021,998,23292,3011257,5896,5.9078,0.0110,538098,94768,22999,3658,17200,14133,10560,9812,5089
23/01/2021,768,23924,3035181,4065,5.2930,0.0120,340117,59265,14366,2452,10866,8725,6281,6179,3072
24/01/2021,546,18436,3053617,3491,6.3938,0.0131,267335,46013,11043,1737,8588,6463,5413,4931,2741
25/01/2021,914,4240,3057857,5735,6.2746,0.0129,444395,76892,18495,2863,13731,10989,8698,8029,4204
26/01/2021,1110,22086,3079943,6406,5.7712,0.0114,560369,96697,24447,3629,18134,14772,11854,10195,5427
27/01/2021,1178,26916,3106859,6594,5.5976,0.0110,600089,104151,26091,3833,19180,15951,12442,10804,5671
28/01/2021,1174,23770,3130629,7453,6.3484,0.0118,630110,108935,27499,4036,20186,16660,12667,11262,5931
29/01/2021,1083,22858,3153487,6468,5.9723,0.0116,555749,95882,24286,3488,17650,14862,11181,9851,5301
30/01/2021,698,24392,3177879,4166,5.9685,0.0125,333152,58050,14258,2383,10712,8471,6492,6162,3237
31/01/2021,456,19235,3197114,3007,6.5943,0.0124,243344,42061,10517,1730,7856,6273,5070,4447,2798
01/02/2021,861,4347,3201461,4255,4.9419,0.0097,438643,78153,18333,3021,13523,11254,8920,8139,4156
02/02/2021,891,23337,3224798,4596,5.1582,0.0098,469829,82759,19531,3206,14337,12149,9078,8218,4261
03/02/2021,994,26362,3251160,5064,5.0946,0.0101,500864,86720,20922,3381,14890,12551,9797,8465,4833
04/02/2021,939,23448,3274608,5360,5.7082,0.0100,538045,92271,23289,3413,16865,14233,10882,9293,5444
05/02/2021,898,22139,3296747,4918,5.4766,0.0107,458551,79693,19896,3169,14370,12340,9007,8052,4485
06/02/2021,694,20586,3317333,3130,4.5101,0.0104,301124,51515,12849,2210,9415,7976,5971,5662,2824
07/02/2021,442,19715,3337048,2203,4.9842,0.0107,206688,35298,8940,1697,6436,5253,4084,3894,2054
08/02/2021,707,4317,3341365,4284,6.0594,0.0114,376667,65095,15561,2547,11157,9404,7430,6601,3542
09/02/2021,842,18870,3360235,5174,6.1449,0.0119,435502,75505,18196,2920,13167,10853,7990,7626,3898
10/02/2021,925,25387,3385622,6132,6.6292,0.0129,474394,82621,19787,3246,14484,11797,8655,8303,4427
11/02/2021,836,21063,3406685,5029,6.0156,0.0109,459641,79780,19588,3040,13792,12156,8719,8307,4319
12/02/2021,832,20701,3427386,4848,5.8269,0.0115,420198,72371,17788,2745,12764,10828,7950,7583,3890
13/02/2021,598,21231,3448617,3405,5.6940,0.0137,247984,41440,10219,1817,7574,6270,4711,4457,2349
14/02/2021,449,16546,3465163,2714,6.0445,0.0128,212733,37027,8520,1623,6375,5190,3972,3789,1846
15/02/2021,1378,4376,3469539,8018,5.8186,0.0119,672024,116271,26984,4616,19850,16465,12710,11686,6230
16/02/2021,820,19590,3489129,4833,5.8939,0.0116,416137,71614,17365,2931,12714,10913,7883,7322,3684
17/02/2021,927,25018,3514147,5018,5.4132,0.0108,465721,82053,19260,3284,14002,11443,8911,8069,4058
18/02/2021,932,22501,3536648,5122,5.4957,0.0103,499344,87437,20721,3137,15154,12904,9474,9004,4481
19/02/2021,859,24116,3560764,4226,4.9197,0.0105,402861,71314,16624,2790,12163,10466,7608,7441,3545
20/02/2021,611,22371,3583135,3066,5.0180,0.0112,272683,46773,10836,2054,7588,6539,4769,4983,2470
21/02/2021,382,22046,3605181,2344,6.1361,0.0128,182712,31755,7560,1520,5742,4501,3512,3592,1771
22/02/2021,708,4646,3609827,3854,5.4435,0.0107,360661,63668,14971,2424,11236,9007,7349,6431,3634
23/02/2021,764,20064,3629891,4611,6.0353,0.0114,403104,70547,16761,2893,12112,10182,8072,7120,4036
24/02/2021,874,31519,3661410,5242,5.9977,0.0112,468734,82759,18918,3150,13739,11568,8947,8261,3964
25/02/2021,1051,25403,3686813,6319,6.0124,0.0108,587485,103153,24335,3746,17845,15186,11292,10649,5162
26/02/2021,924,25207,3712020,5261,5.6937,0.0113,466870,81261,19559,3038,14539,12018,8913,8176,4065
27/02/2021,639,23996,3736016,3522,5.5117,0.0116,302615,53331,12729,2229,9480,7666,5948,5439,2855
28/02/2021,456,19952,3755968,2643,5.7961,0.0115,230770,40404,9918,1786,7511,6065,4739,4431,2217
01/03/2021,695,4703,3760671,3676,5.2892,0.0100,366520,63754,15171,2382,11112,9157,7326,6504,3439
02/03/2021,817,22857,3783528,4405,5.3917,0.0112,393844,68819,16516,2778,12055,10159,7720,6609,3566
03/03/2021,916,26788,3810316,5077,5.5426,0.0109,465645,82009,19468,3263,14396,11954,9113,7892,4308
04/03/2021,918,25279,3835595,5110,5.5664,0.0105,488728,85587,20501,3200,15150,12491,9490,8444,4350
05/03/2021,883,23507,3859102,4404,4.9875,0.0102,432784,76086,18442,3028,13536,10828,8485,7579,3972
06/03/2021,617,23306,3882408,2669,4.3258,0.0098,273018,47856,11278,2101,8424,6521,5441,4694,2503
07/03/2021,430,21825,3904233,1923,4.4721,0.0104,185675,32980,7594,1401,5898,4417,3872,3314,1675
08/03/2021,701,5327,3909560,3675,5.2425,0.0102,358713,62879,15237,2607,11452,9038,7463,6469,3368
09/03/2021,822,23302,3932862,3829,4.6582,0.0103,371444,65179,15039,2769,11299,9065,6784,6260,3337
10/03/2021,807,30303,3963165,4252,5.2689,0.0103,411745,72605,16660,2871,12371,10240,7895,6738,3582
11/03/2021,872,27166,3990331,5055,5.7970,0.0109,463045,81697,19261,3396,14292,11570,8735,8197,4025
12/03/2021,931,25229,4015560,5163,5.5456,0.0109,471874,81018,20197,3411,14711,11948,8713,8277,4197
13/03/2021,609,29759,4045319,3376,5.5435,0.0116,291037,49729,12649,2165,9433,7627,5731,5196,2711
14/03/2021,410,26343,4071662,2149,5.2415,0.0104,206316,35283,9311,1411,6689,5556,4150,3591,2143
15/03/2021,894,6471,4078133,5671,6.3434,0.0120,471745,82367,20785,3185,15166,12763,9081,8652,4407
16/03/2021,920,29975,4108108,5347,5.8120,0.0105,510174,87484,22109,3457,16300,13329,9314,8947,4689
17/03/2021,1087,38501,4146609,7046,6.4821,0.0121,582091,99212,25388,4028,18770,15572,10670,10611,5423
18/03/2021,1007,34998,4181607,6400,6.3555,0.0110,581062,101168,25354,3862,18388,15049,11253,10430,5693
19/03/2021,850,35088,4216695,5449,6.4106,0.0115,473671,82542,20865,3243,15136,12254,9230,8500,4453
20/03/2021,570,35327,4252022,3402,5.9684,0.0122,279491,48624,12071,1948,9214,7276,5455,5098,2708
21/03/2021,418,30581,4282603,2499,5.9785,0.0129,194189,33801,8682,1384,6493,5094,4125,3663,1997
22/03/2021,708,15792,4298395,3981,5.6229,0.0109,363905,64098,15515,2458,11869,9360,7714,6589,3670
23/03/2021,774,14678,4313073,4357,5.6292,0.0107,406644,70723,17510,2694,13112,10340,8109,7026,3736
24/03/2021,828,65373,4378446,4737,5.7210,0.0102,465523,80895,19673,3072,14546,11804,9190,8079,4239
25/03/2021,800,45641,4424087,4755,5.9438,0.0100,473995,82761,20115,3112,15094,12145,9432,8673,4373
26/03/2021,0,41869,4465956,0,0,0,0,0,0,0,0,0,0,0,0
27/03/2021,0,42619,4508575,0,0,0,0,0,0,0,0,0,0,0,0
28/03/2021,0,37014,4545589,0,0,0,0,0,0,0,0,0,0,0,0
29/03/2021,14,9094,4554683,163,11.6429,0.0180,9079,1483,387,52,303,201,166,202,147
